ORDER	SENTENCE	STATUS	WORD	RANK	COUNT	COUNT_REL	INDEX	ID
1	سلام! خوبی؟	Y	خوبی	1	3,043,074	4.2144	30.2222	persian_news_2019_00423662
2	سلام! خوبی؟	Y	خوبی	1	3,043,074	4.2144	44.5	persian_news_2017_00544349
3	سلام! خوبی؟	Y	خوبی	1	3,043,074	4.2144	54.625	persian_news_2016_00896057
4	سلام! خوبی؟	Y	خوبی	1	3,043,074	4.2144	64.5	persian_news_2019_00261629
5	سلام! خوبی؟	Y	خوبی	1	3,043,074	4.2144	88.75	persian_news_2019_00076639
6	سلام! خوبی؟	Y	خوبی	2	2,721,276	3.7687	20.375	persian_news_2016_00238694
7	سلام! خوبی؟	Y	خوبی	2	2,721,276	3.7687	40.375	persian_news_2019_00423808
8	سلام! خوبی؟	Y	خوبی	2	2,721,276	3.7687	51.8889	persian_news_2016_00500740
9	سلام! خوبی؟	Y	خوبی	2	2,721,276	3.7687	64.7143	persian_news_2019_00199937
10	سلام! خوبی؟	Y	خوبی	2	2,721,276	3.7687	100.375	persian_news_2017_00154313
11	سلام! خوبی؟	Y	خوبی	3	2,124,020	2.9416	21.1429	persian_news_2019_00712520
12	سلام! خوبی؟	Y	خوبی	3	2,124,020	2.9416	43.7143	persian_news_2019_00040662
13	سلام! خوبی؟	Y	خوبی	3	2,124,020	2.9416	51.5556	persian_news_2017_00060994
14	سلام! خوبی؟	Y	خوبی	3	2,124,020	2.9416	62.125	persian_news_2017_00551179
15	سلام! خوبی؟	Y	خوبی	3	2,124,020	2.9416	116.7778	persian_news_2019_00811375
16	سلام! خوبی؟	Y	خوبی	4	1,737,457	2.4062	23.7143	persian_news_2019_00076322
17	سلام! خوبی؟	Y	خوبی	4	1,737,457	2.4062	37.2857	persian_news_2016_00307496
18	سلام! خوبی؟	Y	خوبی	4	1,737,457	2.4062	53.25	persian_news_2019_00245125
19	سلام! خوبی؟	Y	خوبی	4	1,737,457	2.4062	65.2857	persian_news_2019_00919649
20	سلام! خوبی؟	Y	خوبی	4	1,737,457	2.4062	87.1429	persian_news_2017_00005896
21	سلام! خوبی؟	Y	خوبی	5	1,141,003	1.5802	26.5714	persian_news_2016_00175809
22	سلام! خوبی؟	Y	خوبی	5	1,141,003	1.5802	42.125	persian_news_2019_00061310
23	سلام! خوبی؟	Y	خوبی	5	1,141,003	1.5802	50.4286	persian_news_2019_00062014
24	سلام! خوبی؟	Y	خوبی	5	1,141,003	1.5802	63.1429	persian_news_2017_00208074
25	سلام! خوبی؟	Y	خوبی	5	1,141,003	1.5802	94.75	persian_news_2019_00475366
26	سلام! خوبی؟	Y	خوبی	6	1,066,693	1.4773	25.8571	persian_news_2019_00713088
27	سلام! خوبی؟	Y	خوبی	6	1,066,693	1.4773	36.5714	persian_news_2019_00718203
28	سلام! خوبی؟	Y	خوبی	6	1,066,693	1.4773	46	persian_news_2017_00258497
29	سلام! خوبی؟	Y	خوبی	6	1,066,693	1.4773	57.25	persian_news_2016_00319322
30	سلام! خوبی؟	Y	خوبی	6	1,066,693	1.4773	71.75	persian_news_2019_00040456
31	سلام! خوبی؟	Y	خوبی	7	1,050,945	1.4555	34.6667	persian_news_2016_00062820
32	سلام! خوبی؟	Y	خوبی	7	1,050,945	1.4555	47.6667	persian_news_2019_00750534
33	سلام! خوبی؟	Y	خوبی	7	1,050,945	1.4555	54.2857	persian_news_2017_00716968
34	سلام! خوبی؟	Y	خوبی	7	1,050,945	1.4555	62.1429	persian_news_2016_00432168
35	سلام! خوبی؟	Y	خوبی	7	1,050,945	1.4555	95	persian_news_2019_00074125
36	سلام! خوبی؟	Y	خوبی	8	  999,491	1.3842	29	persian_news_2019_00605438
37	سلام! خوبی؟	Y	خوبی	8	  999,491	1.3842	41.8889	persian_news_2017_00063111
38	سلام! خوبی؟	Y	خوبی	8	  999,491	1.3842	50.125	persian_news_2019_00310226
39	سلام! خوبی؟	Y	خوبی	8	  999,491	1.3842	66.6667	persian_news_2019_00711602
40	سلام! خوبی؟	Y	خوبی	8	  999,491	1.3842	84.7778	persian_news_2017_00244618
41	سلام! خوبی؟	Y	خوبی	9	  730,736	1.012	28.75	persian_news_2017_00048696
42	سلام! خوبی؟	Y	خوبی	9	  730,736	1.012	43	persian_news_2019_00059123
43	سلام! خوبی؟	Y	خوبی	9	  730,736	1.012	52.2222	persian_news_2016_00472036
44	سلام! خوبی؟	Y	خوبی	9	  730,736	1.012	63.2857	persian_news_2019_00069780
45	سلام! خوبی؟	Y	خوبی	9	  730,736	1.012	111.375	persian_news_2017_00250110
46	سلام! خوبی؟	Y	خوبی	10	  603,135	0.8353	37	persian_news_2016_00203440
47	سلام! خوبی؟	Y	خوبی	10	  603,135	0.8353	47.8571	persian_news_2016_00706368
48	سلام! خوبی؟	Y	خوبی	10	  603,135	0.8353	52.7143	persian_news_2016_00233335
49	سلام! خوبی؟	Y	خوبی	10	  603,135	0.8353	56.625	persian_news_2016_00224459
50	سلام! خوبی؟	Y	خوبی	10	  603,135	0.8353	56.8333	persian_news_2016_00498532
51	سلام! خوبی؟	Y	خوبی	11	  390,473	0.5408	27.25	persian_news_2016_00644969
52	سلام! خوبی؟	Y	خوبی	11	  390,473	0.5408	33.4286	persian_news_2017_00148542
53	سلام! خوبی؟	Y	خوبی	11	  390,473	0.5408	48	persian_news_2017_00144681
54	سلام! خوبی؟	Y	خوبی	11	  390,473	0.5408	54.4444	persian_news_2019_00065042
55	سلام! خوبی؟	Y	خوبی	11	  390,473	0.5408	73.4444	persian_news_2019_00058900
56	سلام! خوبی؟	Y	خوبی	12	  331,214	0.4587	32.1667	persian_news_2017_00617214
57	سلام! خوبی؟	Y	خوبی	12	  331,214	0.4587	39.625	persian_news_2019_00040465
58	سلام! خوبی؟	Y	خوبی	12	  331,214	0.4587	44.4286	persian_news_2019_00042014
59	سلام! خوبی؟	Y	خوبی	12	  331,214	0.4587	55.6667	persian_news_2019_00935315
60	سلام! خوبی؟	Y	خوبی	12	  331,214	0.4587	76.3333	persian_news_2019_00606105
61	سلام! خوبی؟	Y	خوبی	13	  322,460	0.4466	31.1429	persian_news_2019_00422529
62	سلام! خوبی؟	Y	خوبی	13	  322,460	0.4466	50.25	persian_news_2017_00353780
63	سلام! خوبی؟	Y	خوبی	13	  322,460	0.4466	54.6667	persian_news_2019_00952489
64	سلام! خوبی؟	Y	خوبی	13	  322,460	0.4466	64.875	persian_news_2019_00810089
65	سلام! خوبی؟	Y	خوبی	13	  322,460	0.4466	77.6667	persian_news_2017_00563572
66	سلام! خوبی؟	Y	خوبی	14	  322,197	0.4462	33.6667	persian_news_2017_00477600
67	سلام! خوبی؟	Y	خوبی	14	  322,197	0.4462	44.7143	persian_news_2019_00810314
68	سلام! خوبی؟	Y	خوبی	14	  322,197	0.4462	53.2222	persian_news_2017_00900808
69	سلام! خوبی؟	Y	خوبی	14	  322,197	0.4462	62.8889	persian_news_2017_00360109
70	سلام! خوبی؟	Y	خوبی	14	  322,197	0.4462	82.7143	persian_news_2016_00012086
71	سلام! خوبی؟	Y	خوبی	15	  321,637	0.4454	34	persian_news_2019_00076378
72	سلام! خوبی؟	Y	خوبی	15	  321,637	0.4454	45.375	persian_news_2019_00711916
73	سلام! خوبی؟	Y	خوبی	15	  321,637	0.4454	57.5556	persian_news_2019_00501266
74	سلام! خوبی؟	Y	خوبی	15	  321,637	0.4454	67.4444	persian_news_2019_00422790
75	سلام! خوبی؟	Y	خوبی	15	  321,637	0.4454	69.1429	persian_news_2016_00040728
76	سلام! خوبی؟	Y	خوبی	16	  306,223	0.4241	35.375	persian_news_2019_00203150
77	سلام! خوبی؟	Y	خوبی	16	  306,223	0.4241	46.5556	persian_news_2019_00710717
78	سلام! خوبی؟	Y	خوبی	16	  306,223	0.4241	52.2857	persian_news_2019_00151086
79	سلام! خوبی؟	Y	خوبی	16	  306,223	0.4241	64.7778	persian_news_2016_00319415
80	سلام! خوبی؟	Y	خوبی	16	  306,223	0.4241	72	persian_news_2017_00473104
81	سلام! خوبی؟	Y	خوبی	17	  289,712	0.4012	71.5714	persian_news_2017_00125712
82	سلام! خوبی؟	Y	خوبی	17	  289,712	0.4012	71.8889	persian_news_2016_00179242
83	سلام! خوبی؟	Y	خوبی	17	  289,712	0.4012	90	persian_news_2017_00831135
84	سلام! خوبی؟	Y	خوبی	17	  289,712	0.4012	90.2857	persian_news_2017_00283497
85	سلام! خوبی؟	Y	خوبی	17	  289,712	0.4012	93.6	persian_news_2019_00471637
86	سلام! خوبی؟	Y	خوبی	18	  287,262	0.3978	35.6667	persian_news_2016_00644893
87	سلام! خوبی؟	Y	خوبی	18	  287,262	0.3978	40.5	persian_news_2017_00847376
88	سلام! خوبی؟	Y	خوبی	18	  287,262	0.3978	49.3333	persian_news_2017_00529071
89	سلام! خوبی؟	Y	خوبی	18	  287,262	0.3978	52.125	persian_news_2019_00418210
90	سلام! خوبی؟	Y	خوبی	18	  287,262	0.3978	52.375	persian_news_2016_00286847
91	سلام! خوبی؟	Y	خوبی	19	  282,440	0.3912	38.5714	persian_news_2016_00407524
92	سلام! خوبی؟	Y	خوبی	19	  282,440	0.3912	40.8333	persian_news_2017_00153217
93	سلام! خوبی؟	Y	خوبی	19	  282,440	0.3912	48	persian_news_2019_00702980
94	سلام! خوبی؟	Y	خوبی	19	  282,440	0.3912	58.3333	persian_news_2017_00456509
95	سلام! خوبی؟	Y	خوبی	19	  282,440	0.3912	74.1111	persian_news_2017_00655985
96	سلام! خوبی؟	Y	خوبی	20	  276,338	0.3827	30.5	persian_news_2019_00079592
97	سلام! خوبی؟	Y	خوبی	20	  276,338	0.3827	52.75	persian_news_2016_00558826
98	سلام! خوبی؟	Y	خوبی	20	  276,338	0.3827	58.1429	persian_news_2017_00719053
99	سلام! خوبی؟	Y	خوبی	20	  276,338	0.3827	69.5	persian_news_2019_00689863
100	سلام! خوبی؟	Y	خوبی	20	  276,338	0.3827	84.4444	persian_news_2019_00350756
101	سلام! خوبی؟	Y	خوبی	21	  271,531	0.376	40.625	persian_news_2019_00445846
102	سلام! خوبی؟	Y	خوبی	21	  271,531	0.376	46	persian_news_2016_00740863
103	سلام! خوبی؟	Y	خوبی	21	  271,531	0.376	64.1111	persian_news_2019_00378034
104	سلام! خوبی؟	Y	خوبی	21	  271,531	0.376	73.1429	persian_news_2017_00506189
105	سلام! خوبی؟	Y	خوبی	21	  271,531	0.376	76.2857	persian_news_2019_00697133
106	سلام! خوبی؟	Y	خوبی	22	  260,023	0.3601	31	persian_news_2019_00712747
107	سلام! خوبی؟	Y	خوبی	22	  260,023	0.3601	40.375	persian_news_2019_00058953
108	سلام! خوبی؟	Y	خوبی	22	  260,023	0.3601	53.625	persian_news_2019_00335142
109	سلام! خوبی؟	Y	خوبی	22	  260,023	0.3601	60.875	persian_news_2019_00147603
110	سلام! خوبی؟	Y	خوبی	22	  260,023	0.3601	87.1429	persian_news_2019_00108355
111	سلام! خوبی؟	Y	خوبی	23	  252,900	0.3502	38.6667	persian_news_2019_00471700
112	سلام! خوبی؟	Y	خوبی	23	  252,900	0.3502	44.375	persian_news_2019_00245116
113	سلام! خوبی؟	Y	خوبی	23	  252,900	0.3502	51.7143	persian_news_2019_00726731
114	سلام! خوبی؟	Y	خوبی	23	  252,900	0.3502	61.2222	persian_news_2017_00380593
115	سلام! خوبی؟	Y	خوبی	23	  252,900	0.3502	68.5	persian_news_2019_00178907
116	سلام! خوبی؟	Y	خوبی	24	  240,374	0.3329	31.8571	persian_news_2019_00712941
117	سلام! خوبی؟	Y	خوبی	24	  240,374	0.3329	47.75	persian_news_2017_00059166
118	سلام! خوبی؟	Y	خوبی	24	  240,374	0.3329	53.4286	persian_news_2016_00387423
119	سلام! خوبی؟	Y	خوبی	24	  240,374	0.3329	67.5556	persian_news_2019_00245284
120	سلام! خوبی؟	Y	خوبی	24	  240,374	0.3329	80.1111	persian_news_2019_00618715
121	سلام! خوبی؟	Y	خوبی	25	  226,554	0.3138	36.1667	persian_news_2016_00885530
122	سلام! خوبی؟	Y	خوبی	25	  226,554	0.3138	52	persian_news_2019_00509676
123	سلام! خوبی؟	Y	خوبی	25	  226,554	0.3138	59.6	persian_news_2017_00890063
124	سلام! خوبی؟	Y	خوبی	25	  226,554	0.3138	71.1111	persian_news_2016_00404969
125	سلام! خوبی؟	Y	خوبی	25	  226,554	0.3138	83.2222	persian_news_2019_00545510
126	سلام! خوبی؟	Y	خوبی	26	  214,724	0.2974	33.8571	persian_news_2019_00443511
127	سلام! خوبی؟	Y	خوبی	26	  214,724	0.2974	43.375	persian_news_2019_00515614
128	سلام! خوبی؟	Y	خوبی	26	  214,724	0.2974	52.6667	persian_news_2019_00335497
129	سلام! خوبی؟	Y	خوبی	26	  214,724	0.2974	60.4444	persian_news_2019_00152483
130	سلام! خوبی؟	Y	خوبی	26	  214,724	0.2974	91.8571	persian_news_2019_00083930
131	سلام! خوبی؟	Y	خوبی	27	  206,645	0.2862	39.875	persian_news_2019_00480249
132	سلام! خوبی؟	Y	خوبی	27	  206,645	0.2862	55.1429	persian_news_2019_00791197
133	سلام! خوبی؟	Y	خوبی	27	  206,645	0.2862	59	persian_news_2016_00354801
134	سلام! خوبی؟	Y	خوبی	27	  206,645	0.2862	72.4286	persian_news_2019_00325547
135	سلام! خوبی؟	Y	خوبی	27	  206,645	0.2862	84.4444	persian_news_2019_00750192
136	سلام! خوبی؟	Y	خوبی	28	  199,129	0.2758	37.4444	persian_news_2016_00563890
137	سلام! خوبی؟	Y	خوبی	28	  199,129	0.2758	40.5714	persian_news_2019_00064512
138	سلام! خوبی؟	Y	خوبی	28	  199,129	0.2758	54.125	persian_news_2019_00609143
139	سلام! خوبی؟	Y	خوبی	28	  199,129	0.2758	62.4444	persian_news_2019_00051627
140	سلام! خوبی؟	Y	خوبی	28	  199,129	0.2758	74.25	persian_news_2019_00422918
141	سلام! خوبی؟	Y	خوبی	29	  195,423	0.2706	47.8889	persian_news_2019_00064360
142	سلام! خوبی؟	Y	خوبی	29	  195,423	0.2706	50.2857	persian_news_2019_00398939
143	سلام! خوبی؟	Y	خوبی	29	  195,423	0.2706	55	persian_news_2019_00033024
144	سلام! خوبی؟	Y	خوبی	29	  195,423	0.2706	56.5714	persian_news_2017_00847438
145	سلام! خوبی؟	Y	خوبی	29	  195,423	0.2706	64.6667	persian_news_2019_00263058
146	سلام! خوبی؟	Y	خوبی	30	  192,101	0.266	43.75	persian_news_2016_00195968
147	سلام! خوبی؟	Y	خوبی	30	  192,101	0.266	62.6667	persian_news_2016_00885503
148	سلام! خوبی؟	Y	خوبی	30	  192,101	0.266	70.4444	persian_news_2017_00243738
149	سلام! خوبی؟	Y	خوبی	30	  192,101	0.266	83.1111	persian_news_2016_00550855
150	سلام! خوبی؟	Y	خوبی	30	  192,101	0.266	88.4286	persian_news_2016_00423158
151	سلام! خوبی؟	Y	خوبی	31	  181,732	0.2517	44.875	persian_news_2019_00065122
152	سلام! خوبی؟	Y	خوبی	31	  181,732	0.2517	45.7143	persian_news_2019_00739698
153	سلام! خوبی؟	Y	خوبی	31	  181,732	0.2517	45.8889	persian_news_2016_00533757
154	سلام! خوبی؟	Y	خوبی	31	  181,732	0.2517	47	persian_news_2017_00485740
155	سلام! خوبی؟	Y	خوبی	31	  181,732	0.2517	51.75	persian_news_2019_00052030
156	سلام! خوبی؟	Y	خوبی	32	  164,327	0.2276	50.2857	persian_news_2019_00676487
157	سلام! خوبی؟	Y	خوبی	32	  164,327	0.2276	53.25	persian_news_2017_00289849
158	سلام! خوبی؟	Y	خوبی	32	  164,327	0.2276	57.125	persian_news_2019_00079069
159	سلام! خوبی؟	Y	خوبی	32	  164,327	0.2276	61.5556	persian_news_2017_00110907
160	سلام! خوبی؟	Y	خوبی	32	  164,327	0.2276	62.375	persian_news_2019_00199002
161	سلام! خوبی؟	Y	خوبی	33	  159,298	0.2206	44.1111	persian_news_2019_00243409
162	سلام! خوبی؟	Y	خوبی	33	  159,298	0.2206	52.2857	persian_news_2019_00064373
163	سلام! خوبی؟	Y	خوبی	33	  159,298	0.2206	64.75	persian_news_2019_00697066
164	سلام! خوبی؟	Y	خوبی	33	  159,298	0.2206	68.625	persian_news_2019_00105571
165	سلام! خوبی؟	Y	خوبی	33	  159,298	0.2206	70.7	persian_news_2016_00111010
166	سلام! خوبی؟	Y	خوبی	34	  156,766	0.2171	49.5556	persian_news_2016_00059389
167	سلام! خوبی؟	Y	خوبی	34	  156,766	0.2171	49.7778	persian_news_2019_00508148
168	سلام! خوبی؟	Y	خوبی	34	  156,766	0.2171	54.5	persian_news_2017_00614644
169	سلام! خوبی؟	Y	خوبی	34	  156,766	0.2171	56.625	persian_news_2017_00238372
170	سلام! خوبی؟	Y	خوبی	34	  156,766	0.2171	65.3333	persian_news_2017_00937659
171	سلام! خوبی؟	Y	خوبی	35	  153,077	0.212	30.8571	persian_news_2017_00569155
172	سلام! خوبی؟	Y	خوبی	35	  153,077	0.212	54.125	persian_news_2019_00726691
173	سلام! خوبی؟	Y	خوبی	35	  153,077	0.212	58.875	persian_news_2019_00065167
174	سلام! خوبی؟	Y	خوبی	35	  153,077	0.212	61.5	persian_news_2016_00248727
175	سلام! خوبی؟	Y	خوبی	35	  153,077	0.212	74.625	persian_news_2019_00332797
176	سلام! خوبی؟	Y	خوبی	36	  149,890	0.2076	52.875	persian_news_2019_00142364
177	سلام! خوبی؟	Y	خوبی	36	  149,890	0.2076	55	persian_news_2016_00895995
178	سلام! خوبی؟	Y	خوبی	36	  149,890	0.2076	68	persian_news_2017_00001337
179	سلام! خوبی؟	Y	خوبی	36	  149,890	0.2076	70.7143	persian_news_2019_00705207
180	سلام! خوبی؟	Y	خوبی	36	  149,890	0.2076	74.6	persian_news_2019_00000971
181	سلام! خوبی؟	Y	خوبی	37	  148,419	0.2055	40.625	persian_news_2019_00076695
182	سلام! خوبی؟	Y	خوبی	37	  148,419	0.2055	42.7778	persian_news_2016_00096829
183	سلام! خوبی؟	Y	خوبی	37	  148,419	0.2055	54.8571	persian_news_2016_00004474
184	سلام! خوبی؟	Y	خوبی	37	  148,419	0.2055	60.6667	persian_news_2019_00718266
185	سلام! خوبی؟	Y	خوبی	37	  148,419	0.2055	73.7778	persian_news_2019_00988716
186	سلام! خوبی؟	Y	خوبی	38	  146,096	0.2023	58.625	persian_news_2019_00743718
187	سلام! خوبی؟	Y	خوبی	38	  146,096	0.2023	65.4	persian_news_2016_00934117
188	سلام! خوبی؟	Y	خوبی	38	  146,096	0.2023	71.5	persian_news_2019_00860435
189	سلام! خوبی؟	Y	خوبی	38	  146,096	0.2023	71.5714	persian_news_2016_00933784
190	سلام! خوبی؟	Y	خوبی	38	  146,096	0.2023	72.2222	persian_news_2016_00062811
191	سلام! خوبی؟	Y	خوبی	39	  138,704	0.1921	53.3333	persian_news_2019_00049622
192	سلام! خوبی؟	Y	خوبی	39	  138,704	0.1921	54	persian_news_2017_00477635
193	سلام! خوبی؟	Y	خوبی	39	  138,704	0.1921	55	persian_news_2019_00735236
194	سلام! خوبی؟	Y	خوبی	39	  138,704	0.1921	59.5	persian_news_2016_00460572
195	سلام! خوبی؟	Y	خوبی	39	  138,704	0.1921	60	persian_news_2019_00662888
196	سلام! خوبی؟	Y	خوبی	40	  138,252	0.1915	55.7778	persian_news_2019_00779881
197	سلام! خوبی؟	Y	خوبی	40	  138,252	0.1915	58	persian_news_2019_00779366
198	سلام! خوبی؟	Y	خوبی	40	  138,252	0.1915	58.125	persian_news_2016_00741987
199	سلام! خوبی؟	Y	خوبی	40	  138,252	0.1915	58.6364	persian_news_2017_00159155
200	سلام! خوبی؟	Y	خوبی	40	  138,252	0.1915	59	persian_news_2019_00779318
201	سلام! خوبی؟	Y	خوبی	41	  137,897	0.191	40.7143	persian_news_2019_00422445
202	سلام! خوبی؟	Y	خوبی	41	  137,897	0.191	60.25	persian_news_2019_00697930
203	سلام! خوبی؟	Y	خوبی	41	  137,897	0.191	60.5455	persian_news_2019_00778865
204	سلام! خوبی؟	Y	خوبی	41	  137,897	0.191	63.75	persian_news_2019_00698040
205	سلام! خوبی؟	Y	خوبی	41	  137,897	0.191	66.5556	persian_news_2019_00031545
206	سلام! خوبی؟	Y	خوبی	42	  134,806	0.1867	46.4286	persian_news_2016_00359095
207	سلام! خوبی؟	Y	خوبی	42	  134,806	0.1867	47.3333	persian_news_2019_00165060
208	سلام! خوبی؟	Y	خوبی	42	  134,806	0.1867	55.25	persian_news_2019_00507043
209	سلام! خوبی؟	Y	خوبی	42	  134,806	0.1867	67.1111	persian_news_2016_00021681
210	سلام! خوبی؟	Y	خوبی	42	  134,806	0.1867	69.8889	persian_news_2017_00380882
211	سلام! خوبی؟	Y	خوبی	43	  126,978	0.1759	43	persian_news_2016_00060889
212	سلام! خوبی؟	Y	خوبی	43	  126,978	0.1759	51.5	persian_news_2019_00170372
213	سلام! خوبی؟	Y	خوبی	43	  126,978	0.1759	59.625	persian_news_2019_00014123
214	سلام! خوبی؟	Y	خوبی	43	  126,978	0.1759	66.3333	persian_news_2019_00695756
215	سلام! خوبی؟	Y	خوبی	43	  126,978	0.1759	71.2222	persian_news_2019_00153676
216	سلام! خوبی؟	Y	خوبی	44	  124,443	0.1723	63.3333	persian_news_2019_00443501
217	سلام! خوبی؟	Y	خوبی	44	  124,443	0.1723	64.5	persian_news_2019_00516250
218	سلام! خوبی؟	Y	خوبی	44	  124,443	0.1723	65.125	persian_news_2019_00710696
219	سلام! خوبی؟	Y	خوبی	44	  124,443	0.1723	67	persian_news_2017_00865376
220	سلام! خوبی؟	Y	خوبی	44	  124,443	0.1723	69.5556	persian_news_2019_00710792
221	سلام! خوبی؟	Y	خوبی	45	  123,964	0.1717	60.3	persian_news_2019_00736303
222	سلام! خوبی؟	Y	خوبی	45	  123,964	0.1717	64.3333	persian_news_2017_00847358
223	سلام! خوبی؟	Y	خوبی	45	  123,964	0.1717	65.2222	persian_news_2019_00403356
224	سلام! خوبی؟	Y	خوبی	45	  123,964	0.1717	65.4286	persian_news_2019_00544320
225	سلام! خوبی؟	Y	خوبی	45	  123,964	0.1717	66.25	persian_news_2016_00919780
226	سلام! خوبی؟	Y	خوبی	46	  121,942	0.1689	48.625	persian_news_2019_00193994
227	سلام! خوبی؟	Y	خوبی	46	  121,942	0.1689	48.6667	persian_news_2017_00804127
228	سلام! خوبی؟	Y	خوبی	46	  121,942	0.1689	72.4286	persian_news_2017_00363878
229	سلام! خوبی؟	Y	خوبی	46	  121,942	0.1689	74.5556	persian_news_2016_00644923
230	سلام! خوبی؟	Y	خوبی	46	  121,942	0.1689	76.1111	persian_news_2016_00720917
231	سلام! خوبی؟	Y	خوبی	47	  115,492	0.1599	34.25	persian_news_2019_00823922
232	سلام! خوبی؟	Y	خوبی	47	  115,492	0.1599	49.7778	persian_news_2016_00949100
233	سلام! خوبی؟	Y	خوبی	47	  115,492	0.1599	66.75	persian_news_2019_00434380
234	سلام! خوبی؟	Y	خوبی	47	  115,492	0.1599	70	persian_news_2019_00245099
235	سلام! خوبی؟	Y	خوبی	47	  115,492	0.1599	71.7143	persian_news_2019_00509786
236	سلام! خوبی؟	Y	خوبی	48	  114,694	0.1588	39	persian_news_2016_00358831
237	سلام! خوبی؟	Y	خوبی	48	  114,694	0.1588	43.5	persian_news_2019_00059236
238	سلام! خوبی؟	Y	خوبی	48	  114,694	0.1588	47.1429	persian_news_2019_00308080
239	سلام! خوبی؟	Y	خوبی	48	  114,694	0.1588	61.5714	persian_news_2019_00865333
240	سلام! خوبی؟	Y	خوبی	48	  114,694	0.1588	67.3333	persian_news_2019_00489979
241	سلام! خوبی؟	Y	خوبی	49	  114,028	0.1579	35.625	persian_news_2016_00038219
242	سلام! خوبی؟	Y	خوبی	49	  114,028	0.1579	41	persian_news_2017_00059626
243	سلام! خوبی؟	Y	خوبی	49	  114,028	0.1579	58.7143	persian_news_2019_00480094
244	سلام! خوبی؟	Y	خوبی	49	  114,028	0.1579	66.4444	persian_news_2017_00921118
245	سلام! خوبی؟	Y	خوبی	49	  114,028	0.1579	77.8889	persian_news_2019_00064848
246	سلام! خوبی؟	Y	خوبی	50	  112,998	0.1565	39.8571	persian_news_2019_00837239
247	سلام! خوبی؟	Y	خوبی	50	  112,998	0.1565	50.125	persian_news_2019_00837183
248	سلام! خوبی؟	Y	خوبی	50	  112,998	0.1565	53.7	persian_news_2019_00837047
249	سلام! خوبی؟	Y	خوبی	50	  112,998	0.1565	68.1429	persian_news_2019_00241331
250	سلام! خوبی؟	Y	خوبی	50	  112,998	0.1565	72.75	persian_news_2019_00471937
251	سلام! خوبی؟	Y	خوبی	51	  112,370	0.1556	48.2222	persian_news_2017_00059677
252	سلام! خوبی؟	Y	خوبی	51	  112,370	0.1556	63.125	persian_news_2019_00457036
253	سلام! خوبی؟	Y	خوبی	51	  112,370	0.1556	72.375	persian_news_2019_00856924
254	سلام! خوبی؟	Y	خوبی	51	  112,370	0.1556	74.4286	persian_news_2019_00475261
255	سلام! خوبی؟	Y	خوبی	51	  112,370	0.1556	76.3333	persian_news_2019_00876839
256	سلام! خوبی؟	Y	خوبی	52	  112,053	0.1552	38	persian_news_2016_00038276
257	سلام! خوبی؟	Y	خوبی	52	  112,053	0.1552	54.5714	persian_news_2017_00258630
258	سلام! خوبی؟	Y	خوبی	52	  112,053	0.1552	69.8889	persian_news_2016_00169214
259	سلام! خوبی؟	Y	خوبی	52	  112,053	0.1552	73.4286	persian_news_2019_00199600
260	سلام! خوبی؟	Y	خوبی	52	  112,053	0.1552	75.7143	persian_news_2019_00857517
261	سلام! خوبی؟	Y	خوبی	53	  111,906	0.155	47.375	persian_news_2019_00545911
262	سلام! خوبی؟	Y	خوبی	53	  111,906	0.155	57.25	persian_news_2019_00860942
263	سلام! خوبی؟	Y	خوبی	53	  111,906	0.155	60.4444	persian_news_2019_00384063
264	سلام! خوبی؟	Y	خوبی	53	  111,906	0.155	75	persian_news_2019_00001047
265	سلام! خوبی؟	Y	خوبی	53	  111,906	0.155	78.4444	persian_news_2019_00565539
266	سلام! خوبی؟	Y	خوبی	54	  108,691	0.1505	56.8889	persian_news_2019_00076423
267	سلام! خوبی؟	Y	خوبی	54	  108,691	0.1505	59.6667	persian_news_2017_00723452
268	سلام! خوبی؟	Y	خوبی	54	  108,691	0.1505	64.6667	persian_news_2017_00599864
269	سلام! خوبی؟	Y	خوبی	54	  108,691	0.1505	66.5556	persian_news_2019_00988503
270	سلام! خوبی؟	Y	خوبی	54	  108,691	0.1505	66.875	persian_news_2019_00076387
271	سلام! خوبی؟	Y	خوبی	55	  106,219	0.1471	47.7143	persian_news_2019_00152604
272	سلام! خوبی؟	Y	خوبی	55	  106,219	0.1471	55.1429	persian_news_2017_00975836
273	سلام! خوبی؟	Y	خوبی	55	  106,219	0.1471	66.5714	persian_news_2019_00305838
274	سلام! خوبی؟	Y	خوبی	55	  106,219	0.1471	73.2222	persian_news_2017_00732476
275	سلام! خوبی؟	Y	خوبی	55	  106,219	0.1471	81.2308	persian_news_2017_00377955
276	سلام! خوبی؟	Y	خوبی	56	  105,638	0.1463	55.8571	persian_news_2019_00059019
277	سلام! خوبی؟	Y	خوبی	56	  105,638	0.1463	61.125	persian_news_2019_00119044
278	سلام! خوبی؟	Y	خوبی	56	  105,638	0.1463	66.8571	persian_news_2019_00417729
279	سلام! خوبی؟	Y	خوبی	56	  105,638	0.1463	73.875	persian_news_2019_00684799
280	سلام! خوبی؟	Y	خوبی	56	  105,638	0.1463	74.5	persian_news_2019_00455974
281	سلام! خوبی؟	Y	خوبی	57	  105,061	0.1455	57.7778	persian_news_2019_00041839
282	سلام! خوبی؟	Y	خوبی	57	  105,061	0.1455	60	persian_news_2019_00472184
283	سلام! خوبی؟	Y	خوبی	57	  105,061	0.1455	65.625	persian_news_2019_00017763
284	سلام! خوبی؟	Y	خوبی	57	  105,061	0.1455	68.8571	persian_news_2019_00029119
285	سلام! خوبی؟	Y	خوبی	57	  105,061	0.1455	71.5714	persian_news_2019_00609156
286	سلام! خوبی؟	Y	خوبی	58	  102,692	0.1422	43.4444	persian_news_2019_00619120
287	سلام! خوبی؟	Y	خوبی	58	  102,692	0.1422	46.5714	persian_news_2019_00483826
288	سلام! خوبی؟	Y	خوبی	58	  102,692	0.1422	49.2	persian_news_2017_00445822
289	سلام! خوبی؟	Y	خوبی	58	  102,692	0.1422	55.1	persian_news_2017_00726533
290	سلام! خوبی؟	Y	خوبی	58	  102,692	0.1422	83.875	persian_news_2019_00019420
291	سلام! خوبی؟	Y	خوبی	59	  101,845	0.141	61.5714	persian_news_2019_00483795
292	سلام! خوبی؟	Y	خوبی	59	  101,845	0.141	66	persian_news_2016_00286667
293	سلام! خوبی؟	Y	خوبی	59	  101,845	0.141	70	persian_news_2019_00483835
294	سلام! خوبی؟	Y	خوبی	59	  101,845	0.141	76.3333	persian_news_2019_00850033
295	سلام! خوبی؟	Y	خوبی	59	  101,845	0.141	78	persian_news_2017_00543107
296	سلام! خوبی؟	Y	خوبی	60	  101,186	0.1401	70.375	persian_news_2019_00811602
297	سلام! خوبی؟	Y	خوبی	60	  101,186	0.1401	70.5	persian_news_2019_00605832
298	سلام! خوبی؟	Y	خوبی	60	  101,186	0.1401	71.4286	persian_news_2019_00079625
299	سلام! خوبی؟	Y	خوبی	60	  101,186	0.1401	72.4	persian_news_2019_00303390
300	سلام! خوبی؟	Y	خوبی	60	  101,186	0.1401	73	persian_news_2017_00017544
301	سلام! خوبی؟	Y	خوبی	61	   98,909	0.137	69.7143	persian_news_2019_00076805
302	سلام! خوبی؟	Y	خوبی	61	   98,909	0.137	77.6923	persian_news_2019_00322433
303	سلام! خوبی؟	Y	خوبی	61	   98,909	0.137	78.8571	persian_news_2016_00933843
304	سلام! خوبی؟	Y	خوبی	61	   98,909	0.137	79.5556	persian_news_2019_00086250
305	سلام! خوبی؟	Y	خوبی	61	   98,909	0.137	81	persian_news_2019_00676768
306	سلام! خوبی؟	Y	خوبی	62	   97,636	0.1352	74	persian_news_2019_00443434
307	سلام! خوبی؟	Y	خوبی	62	   97,636	0.1352	96.9	persian_news_2017_00070757
308	سلام! خوبی؟	Y	خوبی	62	   97,636	0.1352	102	persian_news_2017_00473720
309	سلام! خوبی؟	Y	خوبی	62	   97,636	0.1352	104.1429	persian_news_2017_00954829
310	سلام! خوبی؟	Y	خوبی	62	   97,636	0.1352	111.1818	persian_news_2017_00973519
311	سلام! خوبی؟	Y	خوبی	63	   96,697	0.1339	46.1429	persian_news_2019_00065067
312	سلام! خوبی؟	Y	خوبی	63	   96,697	0.1339	51	persian_news_2017_00731934
313	سلام! خوبی؟	Y	خوبی	63	   96,697	0.1339	52	persian_news_2019_00160164
314	سلام! خوبی؟	Y	خوبی	63	   96,697	0.1339	56.1	persian_news_2019_00042188
315	سلام! خوبی؟	Y	خوبی	63	   96,697	0.1339	59.8571	persian_news_2019_00477974
316	سلام! خوبی؟	Y	خوبی	64	   96,054	0.133	69.7778	persian_news_2019_00868299
317	سلام! خوبی؟	Y	خوبی	64	   96,054	0.133	74.5	persian_news_2019_00868149
318	سلام! خوبی؟	Y	خوبی	64	   96,054	0.133	76.1667	persian_news_2017_00155918
319	سلام! خوبی؟	Y	خوبی	64	   96,054	0.133	85.7778	persian_news_2016_00167143
320	سلام! خوبی؟	Y	خوبی	64	   96,054	0.133	96	persian_news_2017_00060970
321	سلام! خوبی؟	Y	خوبی	65	   95,239	0.1319	53.7778	persian_news_2016_00814861
322	سلام! خوبی؟	Y	خوبی	65	   95,239	0.1319	60.5	persian_news_2017_00876532
323	سلام! خوبی؟	Y	خوبی	65	   95,239	0.1319	63.2857	persian_news_2019_00008496
324	سلام! خوبی؟	Y	خوبی	65	   95,239	0.1319	66.2857	persian_news_2017_00616702
325	سلام! خوبی؟	Y	خوبی	65	   95,239	0.1319	68.7778	persian_news_2017_00819260
326	سلام! خوبی؟	Y	خوبی	66	   94,981	0.1315	69.4286	persian_news_2019_00013806
327	سلام! خوبی؟	Y	خوبی	66	   94,981	0.1315	70.8571	persian_news_2019_00609155
328	سلام! خوبی؟	Y	خوبی	66	   94,981	0.1315	71	persian_news_2017_00731241
329	سلام! خوبی؟	Y	خوبی	66	   94,981	0.1315	77.5714	persian_news_2016_00977121
330	سلام! خوبی؟	Y	خوبی	66	   94,981	0.1315	83	persian_news_2016_00428742
331	سلام! خوبی؟	Y	خوبی	67	   92,087	0.1275	43	persian_news_2019_00952804
332	سلام! خوبی؟	Y	خوبی	67	   92,087	0.1275	63.1111	persian_news_2019_00857279
333	سلام! خوبی؟	Y	خوبی	67	   92,087	0.1275	66.625	persian_news_2019_00870824
334	سلام! خوبی؟	Y	خوبی	67	   92,087	0.1275	66.8571	persian_news_2016_00743867
335	سلام! خوبی؟	Y	خوبی	67	   92,087	0.1275	70.5	persian_news_2019_00370710
336	سلام! خوبی؟	Y	خوبی	68	   91,953	0.1273	100.3333	persian_news_2016_00204813
337	سلام! خوبی؟	Y	خوبی	68	   91,953	0.1273	103	persian_news_2019_00998807
338	سلام! خوبی؟	Y	خوبی	68	   91,953	0.1273	107.1	persian_news_2017_00206486
339	سلام! خوبی؟	Y	خوبی	68	   91,953	0.1273	112	persian_news_2017_00998162
340	سلام! خوبی؟	Y	خوبی	68	   91,953	0.1273	113.625	persian_news_2019_00131384
341	سلام! خوبی؟	Y	خوبی	69	   90,819	0.1258	72.4286	persian_news_2019_00972265
342	سلام! خوبی؟	Y	خوبی	69	   90,819	0.1258	73.375	persian_news_2019_00423935
343	سلام! خوبی؟	Y	خوبی	69	   90,819	0.1258	73.5714	persian_news_2019_00423640
344	سلام! خوبی؟	Y	خوبی	69	   90,819	0.1258	74.6	persian_news_2019_00858649
345	سلام! خوبی؟	Y	خوبی	69	   90,819	0.1258	79.8571	persian_news_2019_00364063
346	سلام! خوبی؟	Y	خوبی	70	   90,711	0.1256	51.5556	persian_news_2017_00495676
347	سلام! خوبی؟	Y	خوبی	70	   90,711	0.1256	58.75	persian_news_2019_00514275
348	سلام! خوبی؟	Y	خوبی	70	   90,711	0.1256	62.625	persian_news_2016_00220354
349	سلام! خوبی؟	Y	خوبی	70	   90,711	0.1256	68.2857	persian_news_2017_00825331
350	سلام! خوبی؟	Y	خوبی	70	   90,711	0.1256	76.3333	persian_news_2019_00451649
351	سلام! خوبی؟	Y	خوبی	71	   90,191	0.1249	82.7143	persian_news_2017_00141012
352	سلام! خوبی؟	Y	خوبی	71	   90,191	0.1249	86.5556	persian_news_2019_00250703
353	سلام! خوبی؟	Y	خوبی	71	   90,191	0.1249	86.6667	persian_news_2017_00865378
354	سلام! خوبی؟	Y	خوبی	71	   90,191	0.1249	86.7143	persian_news_2017_00138007
355	سلام! خوبی؟	Y	خوبی	71	   90,191	0.1249	87.1667	persian_news_2016_00706110
356	سلام! خوبی؟	Y	خوبی	72	   90,077	0.1247	61.5	persian_news_2019_00941505
357	سلام! خوبی؟	Y	خوبی	72	   90,077	0.1247	72.7143	persian_news_2016_00386409
358	سلام! خوبی؟	Y	خوبی	72	   90,077	0.1247	75.75	persian_news_2019_00118208
359	سلام! خوبی؟	Y	خوبی	72	   90,077	0.1247	81.75	persian_news_2019_00703025
360	سلام! خوبی؟	Y	خوبی	72	   90,077	0.1247	82	persian_news_2019_00857127
361	سلام! خوبی؟	Y	خوبی	73	   90,015	0.1247	39.625	persian_news_2016_00715736
362	سلام! خوبی؟	Y	خوبی	73	   90,015	0.1247	72.8889	persian_news_2019_00619121
363	سلام! خوبی؟	Y	خوبی	73	   90,015	0.1247	75.75	persian_news_2019_00380486
364	سلام! خوبی؟	Y	خوبی	73	   90,015	0.1247	77	persian_news_2019_00305693
365	سلام! خوبی؟	Y	خوبی	73	   90,015	0.1247	78.1111	persian_news_2019_00650192
366	سلام! خوبی؟	Y	خوبی	74	   89,756	0.1243	65	persian_news_2017_00731957
367	سلام! خوبی؟	Y	خوبی	74	   89,756	0.1243	91.1111	persian_news_2017_00166076
368	سلام! خوبی؟	Y	خوبی	74	   89,756	0.1243	94.125	persian_news_2019_00533046
369	سلام! خوبی؟	Y	خوبی	74	   89,756	0.1243	99.8571	persian_news_2019_00131206
370	سلام! خوبی؟	Y	خوبی	74	   89,756	0.1243	112.5	persian_news_2019_00778177
371	سلام! خوبی؟	Y	خوبی	75	   89,596	0.1241	70.4444	persian_news_2017_00090144
372	سلام! خوبی؟	Y	خوبی	75	   89,596	0.1241	86.4444	persian_news_2019_00989075
373	سلام! خوبی؟	Y	خوبی	75	   89,596	0.1241	103.1429	persian_news_2019_00697923
374	سلام! خوبی؟	Y	خوبی	75	   89,596	0.1241	104	persian_news_2016_00098399
375	سلام! خوبی؟	Y	خوبی	75	   89,596	0.1241	116.4444	persian_news_2019_00193831
376	سلام! خوبی؟	Y	خوبی	76	   87,599	0.1213	49.125	persian_news_2016_00533816
377	سلام! خوبی؟	Y	خوبی	76	   87,599	0.1213	66.5714	persian_news_2017_00499662
378	سلام! خوبی؟	Y	خوبی	76	   87,599	0.1213	68.625	persian_news_2017_00500865
379	سلام! خوبی؟	Y	خوبی	76	   87,599	0.1213	76.8571	persian_news_2017_00223306
380	سلام! خوبی؟	Y	خوبی	76	   87,599	0.1213	82.2222	persian_news_2019_00142156
381	سلام! خوبی؟	Y	خوبی	77	   86,285	0.1195	40.5556	persian_news_2017_00923313
382	سلام! خوبی؟	Y	خوبی	77	   86,285	0.1195	70.5714	persian_news_2016_00238248
383	سلام! خوبی؟	Y	خوبی	77	   86,285	0.1195	76.1429	persian_news_2016_00731860
384	سلام! خوبی؟	Y	خوبی	77	   86,285	0.1195	94.2	persian_news_2017_00154163
385	سلام! خوبی؟	Y	خوبی	77	   86,285	0.1195	94.4286	persian_news_2019_00131270
386	سلام! خوبی؟	Y	خوبی	78	   85,975	0.1191	71.4444	persian_news_2019_00606336
387	سلام! خوبی؟	Y	خوبی	78	   85,975	0.1191	73.8571	persian_news_2019_00040462
388	سلام! خوبی؟	Y	خوبی	78	   85,975	0.1191	74.7778	persian_news_2017_00350978
389	سلام! خوبی؟	Y	خوبی	78	   85,975	0.1191	77.8889	persian_news_2019_00134743
390	سلام! خوبی؟	Y	خوبی	78	   85,975	0.1191	80.2	persian_news_2016_00865121
391	سلام! خوبی؟	Y	خوبی	79	   85,382	0.1182	70.3333	persian_news_2017_00726689
392	سلام! خوبی؟	Y	خوبی	79	   85,382	0.1182	70.8889	persian_news_2019_00713175
393	سلام! خوبی؟	Y	خوبی	79	   85,382	0.1182	76.6667	persian_news_2016_00630152
394	سلام! خوبی؟	Y	خوبی	79	   85,382	0.1182	77	persian_news_2019_00206447
395	سلام! خوبی؟	Y	خوبی	79	   85,382	0.1182	81.2727	persian_news_2019_00133787
396	سلام! خوبی؟	Y	خوبی	80	   84,547	0.1171	56	persian_news_2019_00605945
397	سلام! خوبی؟	Y	خوبی	80	   84,547	0.1171	57.1538	persian_news_2019_00065246
398	سلام! خوبی؟	Y	خوبی	80	   84,547	0.1171	65.75	persian_news_2019_00006055
399	سلام! خوبی؟	Y	خوبی	80	   84,547	0.1171	69	persian_news_2017_00310418
400	سلام! خوبی؟	Y	خوبی	80	   84,547	0.1171	70.8571	persian_news_2017_00012801
401	سلام! خوبی؟	Y	خوبی	81	   84,545	0.1171	60.75	persian_news_2019_00141696
402	سلام! خوبی؟	Y	خوبی	81	   84,545	0.1171	71.625	persian_news_2019_00023033
403	سلام! خوبی؟	Y	خوبی	81	   84,545	0.1171	74.4444	persian_news_2019_00453969
404	سلام! خوبی؟	Y	خوبی	81	   84,545	0.1171	79.3333	persian_news_2019_00777506
405	سلام! خوبی؟	Y	خوبی	81	   84,545	0.1171	80.75	persian_news_2017_00059507
406	سلام! خوبی؟	Y	خوبی	82	   83,817	0.1161	80	persian_news_2017_00987525
407	سلام! خوبی؟	Y	خوبی	82	   83,817	0.1161	87.75	persian_news_2017_00359364
408	سلام! خوبی؟	Y	خوبی	82	   83,817	0.1161	107	persian_news_2017_00145942
409	سلام! خوبی؟	Y	خوبی	82	   83,817	0.1161	117.2857	persian_news_2016_00218948
410	سلام! خوبی؟	Y	خوبی	82	   83,817	0.1161	118.8667	persian_news_2016_00270807
411	سلام! خوبی؟	Y	خوبی	83	   82,605	0.1144	76.75	persian_news_2019_00608425
412	سلام! خوبی؟	Y	خوبی	83	   82,605	0.1144	78.5556	persian_news_2017_00600271
413	سلام! خوبی؟	Y	خوبی	83	   82,605	0.1144	79.25	persian_news_2017_00647156
414	سلام! خوبی؟	Y	خوبی	83	   82,605	0.1144	83.3333	persian_news_2019_00146583
415	سلام! خوبی؟	Y	خوبی	83	   82,605	0.1144	88.1	persian_news_2017_00316418
416	سلام! خوبی؟	Y	خوبی	84	   82,282	0.114	56.1429	persian_news_2019_00837212
417	سلام! خوبی؟	Y	خوبی	84	   82,282	0.114	67.8571	persian_news_2019_00703193
418	سلام! خوبی؟	Y	خوبی	84	   82,282	0.114	69.25	persian_news_2019_00048190
419	سلام! خوبی؟	Y	خوبی	84	   82,282	0.114	82.3	persian_news_2019_00367506
420	سلام! خوبی؟	Y	خوبی	84	   82,282	0.114	83.2222	persian_news_2019_00860549
421	سلام! خوبی؟	Y	خوبی	85	   81,972	0.1135	59.5714	persian_news_2016_00362314
422	سلام! خوبی؟	Y	خوبی	85	   81,972	0.1135	61.4286	persian_news_2019_00760223
423	سلام! خوبی؟	Y	خوبی	85	   81,972	0.1135	71.625	persian_news_2019_00014341
424	سلام! خوبی؟	Y	خوبی	85	   81,972	0.1135	74.5556	persian_news_2019_00841225
425	سلام! خوبی؟	Y	خوبی	85	   81,972	0.1135	78.8571	persian_news_2016_00306979
426	سلام! خوبی؟	Y	خوبی	86	   81,851	0.1134	82.3	persian_news_2019_00423691
427	سلام! خوبی؟	Y	خوبی	86	   81,851	0.1134	83	persian_news_2019_00861439
428	سلام! خوبی؟	Y	خوبی	86	   81,851	0.1134	83.2857	persian_news_2019_00377999
429	سلام! خوبی؟	Y	خوبی	86	   81,851	0.1134	86.3333	persian_news_2017_00045287
430	سلام! خوبی؟	Y	خوبی	86	   81,851	0.1134	89.4286	persian_news_2016_00563825
431	سلام! خوبی؟	Y	خوبی	87	   81,172	0.1124	70.625	persian_news_2017_00893591
432	سلام! خوبی؟	Y	خوبی	87	   81,172	0.1124	76.5	persian_news_2017_00430061
433	سلام! خوبی؟	Y	خوبی	87	   81,172	0.1124	83	persian_news_2017_00732460
434	سلام! خوبی؟	Y	خوبی	87	   81,172	0.1124	83.1429	persian_news_2019_00198991
435	سلام! خوبی؟	Y	خوبی	87	   81,172	0.1124	86.25	persian_news_2019_00363955
436	سلام! خوبی؟	Y	خوبی	88	   80,389	0.1113	83.1429	persian_news_2017_00432363
437	سلام! خوبی؟	Y	خوبی	88	   80,389	0.1113	96.875	persian_news_2016_00113109
438	سلام! خوبی؟	Y	خوبی	88	   80,389	0.1113	101.8889	persian_news_2017_00282218
439	سلام! خوبی؟	Y	خوبی	88	   80,389	0.1113	110.7778	persian_news_2017_00174303
440	سلام! خوبی؟	Y	خوبی	88	   80,389	0.1113	115.9	persian_news_2017_00070734
441	سلام! خوبی؟	Y	خوبی	89	   78,196	0.1083	74	persian_news_2019_00883537
442	سلام! خوبی؟	Y	خوبی	89	   78,196	0.1083	80.1429	persian_news_2019_00514302
443	سلام! خوبی؟	Y	خوبی	89	   78,196	0.1083	81.1	persian_news_2016_00011517
444	سلام! خوبی؟	Y	خوبی	89	   78,196	0.1083	82.8	persian_news_2019_00858976
445	سلام! خوبی؟	Y	خوبی	89	   78,196	0.1083	84.9	persian_news_2016_00139905
446	سلام! خوبی؟	Y	خوبی	90	   77,699	0.1076	80.8889	persian_news_2019_00712909
447	سلام! خوبی؟	Y	خوبی	90	   77,699	0.1076	82.1429	persian_news_2017_00634971
448	سلام! خوبی؟	Y	خوبی	90	   77,699	0.1076	97.375	persian_news_2016_00920518
449	سلام! خوبی؟	Y	خوبی	90	   77,699	0.1076	111.7778	persian_news_2019_00335776
450	سلام! خوبی؟	Y	خوبی	90	   77,699	0.1076	115.25	persian_news_2019_00951594
451	سلام! خوبی؟	Y	خوبی	91	   76,527	0.106	50.5556	persian_news_2019_00193786
452	سلام! خوبی؟	Y	خوبی	91	   76,527	0.106	51.75	persian_news_2019_00062410
453	سلام! خوبی؟	Y	خوبی	91	   76,527	0.106	58	persian_news_2019_00069686
454	سلام! خوبی؟	Y	خوبی	91	   76,527	0.106	61.1667	persian_news_2019_00631673
455	سلام! خوبی؟	Y	خوبی	91	   76,527	0.106	64.5	persian_news_2019_00059107
456	سلام! خوبی؟	Y	خوبی	92	   75,746	0.1049	69	persian_news_2019_00119517
457	سلام! خوبی؟	Y	خوبی	92	   75,746	0.1049	76.6667	persian_news_2019_00064386
458	سلام! خوبی؟	Y	خوبی	92	   75,746	0.1049	78.25	persian_news_2017_00130187
459	سلام! خوبی؟	Y	خوبی	92	   75,746	0.1049	78.75	persian_news_2017_00807178
460	سلام! خوبی؟	Y	خوبی	92	   75,746	0.1049	80.2857	persian_news_2019_00569550
461	سلام! خوبی؟	Y	خوبی	93	   75,270	0.1042	55.1111	persian_news_2019_00197275
462	سلام! خوبی؟	Y	خوبی	93	   75,270	0.1042	61.1111	persian_news_2017_00060690
463	سلام! خوبی؟	Y	خوبی	93	   75,270	0.1042	61.875	persian_news_2019_00065066
464	سلام! خوبی؟	Y	خوبی	93	   75,270	0.1042	66	persian_news_2019_00513696
465	سلام! خوبی؟	Y	خوبی	93	   75,270	0.1042	69.125	persian_news_2019_00972269
466	سلام! خوبی؟	Y	خوبی	94	   74,926	0.1038	67.2222	persian_news_2019_00222343
467	سلام! خوبی؟	Y	خوبی	94	   74,926	0.1038	70.25	persian_news_2019_00061324
468	سلام! خوبی؟	Y	خوبی	94	   74,926	0.1038	73.4286	persian_news_2019_00923523
469	سلام! خوبی؟	Y	خوبی	94	   74,926	0.1038	73.8889	persian_news_2016_00571217
470	سلام! خوبی؟	Y	خوبی	94	   74,926	0.1038	84	persian_news_2016_00075686
471	سلام! خوبی؟	Y	خوبی	94	   74,926	0.1038	88.5	persian_news_2016_00362334
472	سلام! خوبی؟	Y	خوبی	94	   74,926	0.1038	89	persian_news_2019_00309392
473	سلام! خوبی؟	Y	خوبی	94	   74,926	0.1038	89.625	persian_news_2019_00310336
474	سلام! خوبی؟	Y	خوبی	94	   74,926	0.1038	91.125	persian_news_2019_00857518
475	سلام! خوبی؟	Y	خوبی	94	   74,926	0.1038	92.375	persian_news_2019_00310905
476	سلام! خوبی؟	Y	خوبی	95	   74,530	0.1032	76.8889	persian_news_2017_00865393
477	سلام! خوبی؟	Y	خوبی	95	   74,530	0.1032	81.1429	persian_news_2019_00943987
478	سلام! خوبی؟	Y	خوبی	95	   74,530	0.1032	94.375	persian_news_2019_00405338
479	سلام! خوبی؟	Y	خوبی	95	   74,530	0.1032	97.4286	persian_news_2017_00541209
480	سلام! خوبی؟	Y	خوبی	95	   74,530	0.1032	100.875	persian_news_2016_00793198
481	سلام! خوبی؟	Y	خوبی	96	   73,194	0.1014	63.5714	persian_news_2017_00473774
482	سلام! خوبی؟	Y	خوبی	96	   73,194	0.1014	75.625	persian_news_2019_00308463
483	سلام! خوبی؟	Y	خوبی	96	   73,194	0.1014	82.5556	persian_news_2019_00514350
484	سلام! خوبی؟	Y	خوبی	96	   73,194	0.1014	82.8889	persian_news_2017_00317292
485	سلام! خوبی؟	Y	خوبی	96	   73,194	0.1014	83.375	persian_news_2019_00779805
486	سلام! خوبی؟	Y	خوبی	97	   73,110	0.1013	72.4286	persian_news_2017_00598610
487	سلام! خوبی؟	Y	خوبی	97	   73,110	0.1013	79.625	persian_news_2017_00598967
488	سلام! خوبی؟	Y	خوبی	97	   73,110	0.1013	79.875	persian_news_2017_00600606
489	سلام! خوبی؟	Y	خوبی	97	   73,110	0.1013	83.375	persian_news_2019_00207559
490	سلام! خوبی؟	Y	خوبی	97	   73,110	0.1013	85.4286	persian_news_2019_00545895
491	سلام! خوبی؟	Y	خوبی	98	   72,618	0.1006	78.5714	persian_news_2019_00713905
492	سلام! خوبی؟	Y	خوبی	98	   72,618	0.1006	84.4286	persian_news_2017_00429926
493	سلام! خوبی؟	Y	خوبی	98	   72,618	0.1006	87.1429	persian_news_2016_00902988
494	سلام! خوبی؟	Y	خوبی	98	   72,618	0.1006	87.6	persian_news_2019_00041654
495	سلام! خوبی؟	Y	خوبی	98	   72,618	0.1006	96	persian_news_2019_00933895
496	سلام! خوبی؟	Y	خوبی	99	   72,006	0.0997	81.7143	persian_news_2019_00354384
497	سلام! خوبی؟	Y	خوبی	99	   72,006	0.0997	85.2857	persian_news_2017_00130674
498	سلام! خوبی؟	Y	خوبی	99	   72,006	0.0997	85.875	persian_news_2016_00801520
499	سلام! خوبی؟	Y	خوبی	99	   72,006	0.0997	87.1667	persian_news_2019_00812059
500	سلام! خوبی؟	Y	خوبی	99	   72,006	0.0997	91.6667	persian_news_2019_00065155
501	سلام! خوبی؟	Y	خوبی	100	   71,206	0.0986	53.8571	persian_news_2017_00151395
502	سلام! خوبی؟	Y	خوبی	100	   71,206	0.0986	77	persian_news_2017_00353551
503	سلام! خوبی؟	Y	خوبی	100	   71,206	0.0986	84.8182	persian_news_2016_00869153
504	سلام! خوبی؟	Y	خوبی	100	   71,206	0.0986	93	persian_news_2019_00605599
505	سلام! خوبی؟	Y	خوبی	100	   71,206	0.0986	94.7143	persian_news_2019_00367903
506	سلام! خوبی؟	Y	خوبی	101	   70,948	0.0983	89.5556	persian_news_2017_00313846
507	سلام! خوبی؟	Y	خوبی	101	   70,948	0.0983	96	persian_news_2017_00313849
508	سلام! خوبی؟	Y	خوبی	101	   70,948	0.0983	99.1818	persian_news_2017_00991084
509	سلام! خوبی؟	Y	خوبی	101	   70,948	0.0983	119.6923	persian_news_2016_00228534
510	سلام! خوبی؟	Y	خوبی	101	   70,948	0.0983	121.25	persian_news_2016_00220549
511	سلام! خوبی؟	Y	خوبی	102	   70,691	0.0979	68.2222	persian_news_2019_00410539
512	سلام! خوبی؟	Y	خوبی	102	   70,691	0.0979	68.5556	persian_news_2019_00410517
513	سلام! خوبی؟	Y	خوبی	102	   70,691	0.0979	69.5556	persian_news_2019_00650534
514	سلام! خوبی؟	Y	خوبی	102	   70,691	0.0979	74.5714	persian_news_2016_00617111
515	سلام! خوبی؟	Y	خوبی	102	   70,691	0.0979	79.1429	persian_news_2017_00465866
516	سلام! خوبی؟	Y	خوبی	103	   70,157	0.0972	78.5	persian_news_2019_00061321
517	سلام! خوبی؟	Y	خوبی	103	   70,157	0.0972	86.625	persian_news_2019_00475238
518	سلام! خوبی؟	Y	خوبی	103	   70,157	0.0972	87.8571	persian_news_2019_00619101
519	سلام! خوبی؟	Y	خوبی	103	   70,157	0.0972	89	persian_news_2019_00310789
520	سلام! خوبی؟	Y	خوبی	103	   70,157	0.0972	92.2857	persian_news_2019_00458457
521	سلام! خوبی؟	Y	خوبی	104	   69,723	0.0966	77.25	persian_news_2019_00146967
522	سلام! خوبی؟	Y	خوبی	104	   69,723	0.0966	86.5556	persian_news_2019_00446591
523	سلام! خوبی؟	Y	خوبی	104	   69,723	0.0966	86.8182	persian_news_2019_00596264
524	سلام! خوبی؟	Y	خوبی	104	   69,723	0.0966	87	persian_news_2019_00046591
525	سلام! خوبی؟	Y	خوبی	104	   69,723	0.0966	89.8	persian_news_2017_00667822
526	سلام! خوبی؟	Y	خوبی	105	   69,074	0.0957	88.5556	persian_news_2017_00956079
527	سلام! خوبی؟	Y	خوبی	105	   69,074	0.0957	89.6923	persian_news_2019_00389598
528	سلام! خوبی؟	Y	خوبی	105	   69,074	0.0957	96.8571	persian_news_2019_00097703
529	سلام! خوبی؟	Y	خوبی	105	   69,074	0.0957	100	persian_news_2017_00323278
530	سلام! خوبی؟	Y	خوبی	105	   69,074	0.0957	102	persian_news_2016_00353306
531	سلام! خوبی؟	Y	خوبی	106	   69,069	0.0957	70.875	persian_news_2019_00841946
532	سلام! خوبی؟	Y	خوبی	106	   69,069	0.0957	78.625	persian_news_2019_00006046
533	سلام! خوبی؟	Y	خوبی	106	   69,069	0.0957	78.7778	persian_news_2019_00193869
534	سلام! خوبی؟	Y	خوبی	106	   69,069	0.0957	86.3333	persian_news_2019_00472510
535	سلام! خوبی؟	Y	خوبی	106	   69,069	0.0957	90.5	persian_news_2019_00841880
536	سلام! خوبی؟	Y	خوبی	107	   67,907	0.094	72.2857	persian_news_2019_00245310
537	سلام! خوبی؟	Y	خوبی	107	   67,907	0.094	77.75	persian_news_2019_00865236
538	سلام! خوبی؟	Y	خوبی	107	   67,907	0.094	81.8571	persian_news_2019_00423180
539	سلام! خوبی؟	Y	خوبی	107	   67,907	0.094	84.2222	persian_news_2017_00437820
540	سلام! خوبی؟	Y	خوبی	107	   67,907	0.094	86.2222	persian_news_2017_00445896
541	سلام! خوبی؟	Y	خوبی	108	   67,246	0.0931	80.7	persian_news_2016_00100537
542	سلام! خوبی؟	Y	خوبی	108	   67,246	0.0931	86	persian_news_2016_00569872
543	سلام! خوبی؟	Y	خوبی	108	   67,246	0.0931	97.6923	persian_news_2016_00141167
544	سلام! خوبی؟	Y	خوبی	108	   67,246	0.0931	103.125	persian_news_2016_00726141
545	سلام! خوبی؟	Y	خوبی	108	   67,246	0.0931	105.1429	persian_news_2019_00187370
546	سلام! خوبی؟	Y	خوبی	109	   66,441	0.092	71.8571	persian_news_2019_00265896
547	سلام! خوبی؟	Y	خوبی	109	   66,441	0.092	71.875	persian_news_2019_00066853
548	سلام! خوبی؟	Y	خوبی	109	   66,441	0.092	75	persian_news_2019_00022987
549	سلام! خوبی؟	Y	خوبی	109	   66,441	0.092	77	persian_news_2019_00514335
550	سلام! خوبی؟	Y	خوبی	109	   66,441	0.092	81.7778	persian_news_2019_00514378
551	سلام! خوبی؟	Y	خوبی	110	   64,940	0.0899	70.25	persian_news_2019_00512911
552	سلام! خوبی؟	Y	خوبی	110	   64,940	0.0899	72.875	persian_news_2019_00858381
553	سلام! خوبی؟	Y	خوبی	110	   64,940	0.0899	75.4286	persian_news_2017_00740761
554	سلام! خوبی؟	Y	خوبی	110	   64,940	0.0899	76.875	persian_news_2019_00079727
555	سلام! خوبی؟	Y	خوبی	110	   64,940	0.0899	77.1429	persian_news_2017_00490193
556	سلام! خوبی؟	Y	خوبی	111	   64,098	0.0888	67.3333	persian_news_2017_00061947
557	سلام! خوبی؟	Y	خوبی	111	   64,098	0.0888	74.1111	persian_news_2016_00802235
558	سلام! خوبی؟	Y	خوبی	111	   64,098	0.0888	80.1111	persian_news_2019_00422828
559	سلام! خوبی؟	Y	خوبی	111	   64,098	0.0888	84.7143	persian_news_2017_00645665
560	سلام! خوبی؟	Y	خوبی	111	   64,098	0.0888	86.3	persian_news_2019_00713080
561	سلام! خوبی؟	Y	خوبی	112	   63,878	0.0885	79.1111	persian_news_2016_00573687
562	سلام! خوبی؟	Y	خوبی	112	   63,878	0.0885	86.5714	persian_news_2019_00246697
563	سلام! خوبی؟	Y	خوبی	112	   63,878	0.0885	89.3077	persian_news_2019_00440008
564	سلام! خوبی؟	Y	خوبی	112	   63,878	0.0885	92.6667	persian_news_2019_00201249
565	سلام! خوبی؟	Y	خوبی	112	   63,878	0.0885	93.2857	persian_news_2019_00609154
566	سلام! خوبی؟	Y	خوبی	113	   63,815	0.0884	56.375	persian_news_2019_00992018
567	سلام! خوبی؟	Y	خوبی	113	   63,815	0.0884	71.75	persian_news_2017_00165385
568	سلام! خوبی؟	Y	خوبی	113	   63,815	0.0884	94.5556	persian_news_2016_00136449
569	سلام! خوبی؟	Y	خوبی	113	   63,815	0.0884	98.2222	persian_news_2019_00992006
570	سلام! خوبی؟	Y	خوبی	113	   63,815	0.0884	101.3333	persian_news_2016_00386139
571	سلام! خوبی؟	Y	خوبی	114	   63,279	0.0876	80	persian_news_2019_00194498
572	سلام! خوبی؟	Y	خوبی	114	   63,279	0.0876	88.5	persian_news_2019_00398857
573	سلام! خوبی؟	Y	خوبی	114	   63,279	0.0876	90	persian_news_2019_00711580
574	سلام! خوبی؟	Y	خوبی	114	   63,279	0.0876	90.375	persian_news_2019_00003431
575	سلام! خوبی؟	Y	خوبی	114	   63,279	0.0876	91.5	persian_news_2019_00321925
576	سلام! خوبی؟	Y	خوبی	115	   62,358	0.0864	85.7778	persian_news_2019_00516967
577	سلام! خوبی؟	Y	خوبی	115	   62,358	0.0864	87.2222	persian_news_2016_00543277
578	سلام! خوبی؟	Y	خوبی	115	   62,358	0.0864	93.7	persian_news_2016_00486486
579	سلام! خوبی؟	Y	خوبی	115	   62,358	0.0864	95.0769	persian_news_2017_00101893
580	سلام! خوبی؟	Y	خوبی	115	   62,358	0.0864	95.8571	persian_news_2017_00284628
581	سلام! خوبی؟	Y	خوبی	116	   61,881	0.0857	73.7143	persian_news_2019_00274813
582	سلام! خوبی؟	Y	خوبی	116	   61,881	0.0857	75.125	persian_news_2017_00794269
583	سلام! خوبی؟	Y	خوبی	116	   61,881	0.0857	93.8889	persian_news_2017_00869249
584	سلام! خوبی؟	Y	خوبی	116	   61,881	0.0857	96.5714	persian_news_2019_00142469
585	سلام! خوبی؟	Y	خوبی	116	   61,881	0.0857	97	persian_news_2019_00203783
586	سلام! خوبی؟	Y	خوبی	117	   61,649	0.0854	105.3333	persian_news_2019_00779503
587	سلام! خوبی؟	Y	خوبی	117	   61,649	0.0854	110.125	persian_news_2017_00116387
588	سلام! خوبی؟	Y	خوبی	117	   61,649	0.0854	114.5	persian_news_2016_00210261
589	سلام! خوبی؟	Y	خوبی	117	   61,649	0.0854	120.2857	persian_news_2019_00274668
590	سلام! خوبی؟	Y	خوبی	117	   61,649	0.0854	127.375	persian_news_2017_00150226
591	سلام! خوبی؟	Y	خوبی	118	   61,527	0.0852	85.3333	persian_news_2019_00791203
592	سلام! خوبی؟	Y	خوبی	118	   61,527	0.0852	96	persian_news_2016_00362293
593	سلام! خوبی؟	Y	خوبی	118	   61,527	0.0852	108.6667	persian_news_2017_00726662
594	سلام! خوبی؟	Y	خوبی	118	   61,527	0.0852	109.1111	persian_news_2019_00310512
595	سلام! خوبی؟	Y	خوبی	118	   61,527	0.0852	111.4	persian_news_2019_00057742
596	سلام! خوبی؟	Y	خوبی	119	   61,511	0.0852	91	persian_news_2019_00810102
597	سلام! خوبی؟	Y	خوبی	119	   61,511	0.0852	92.3	persian_news_2019_00062120
598	سلام! خوبی؟	Y	خوبی	119	   61,511	0.0852	93	persian_news_2016_00168632
599	سلام! خوبی؟	Y	خوبی	119	   61,511	0.0852	94.125	persian_news_2016_00011884
600	سلام! خوبی؟	Y	خوبی	119	   61,511	0.0852	94.2222	persian_news_2019_00303383
601	سلام! خوبی؟	Y	خوبی	120	   60,288	0.0835	91.75	persian_news_2017_00502715
602	سلام! خوبی؟	Y	خوبی	120	   60,288	0.0835	121.5625	persian_news_2017_00088331
603	سلام! خوبی؟	Y	خوبی	120	   60,288	0.0835	137.1111	persian_news_2017_00502838
604	سلام! خوبی؟	Y	خوبی	120	   60,288	0.0835	143.5714	persian_news_2017_00170191
605	سلام! خوبی؟	Y	خوبی	120	   60,288	0.0835	143.8	persian_news_2017_00217315
606	سلام! خوبی؟	Y	خوبی	121	   60,033	0.0831	81.3333	persian_news_2019_00712504
607	سلام! خوبی؟	Y	خوبی	121	   60,033	0.0831	83.2	persian_news_2019_00437332
608	سلام! خوبی؟	Y	خوبی	121	   60,033	0.0831	85.25	persian_news_2019_00023652
609	سلام! خوبی؟	Y	خوبی	121	   60,033	0.0831	85.375	persian_news_2017_00421967
610	سلام! خوبی؟	Y	خوبی	121	   60,033	0.0831	85.4444	persian_news_2017_00706844
611	سلام! خوبی؟	Y	خوبی	122	   59,681	0.0827	56.1429	persian_news_2019_00245118
612	سلام! خوبی؟	Y	خوبی	122	   59,681	0.0827	59.375	persian_news_2016_00572202
613	سلام! خوبی؟	Y	خوبی	122	   59,681	0.0827	71.75	persian_news_2016_00285618
614	سلام! خوبی؟	Y	خوبی	122	   59,681	0.0827	72	persian_news_2019_00513404
615	سلام! خوبی؟	Y	خوبی	122	   59,681	0.0827	73.5	persian_news_2019_00129073
616	سلام! خوبی؟	Y	خوبی	123	   59,558	0.0825	71.7778	persian_news_2016_00307498
617	سلام! خوبی؟	Y	خوبی	123	   59,558	0.0825	73.75	persian_news_2017_00059551
618	سلام! خوبی؟	Y	خوبی	123	   59,558	0.0825	76.4	persian_news_2019_00735391
619	سلام! خوبی؟	Y	خوبی	123	   59,558	0.0825	77	persian_news_2016_00864898
620	سلام! خوبی؟	Y	خوبی	123	   59,558	0.0825	77.125	persian_news_2019_00061987
621	سلام! خوبی؟	Y	خوبی	124	   58,986	0.0817	78.4286	persian_news_2017_00082974
622	سلام! خوبی؟	Y	خوبی	124	   58,986	0.0817	79.8889	persian_news_2017_00584279
623	سلام! خوبی؟	Y	خوبی	124	   58,986	0.0817	83.75	persian_news_2019_00952245
624	سلام! خوبی؟	Y	خوبی	124	   58,986	0.0817	93.5	persian_news_2016_00647142
625	سلام! خوبی؟	Y	خوبی	124	   58,986	0.0817	103	persian_news_2017_00846535
626	سلام! خوبی؟	Y	خوبی	125	   58,981	0.0817	74.4286	persian_news_2019_00969488
627	سلام! خوبی؟	Y	خوبی	125	   58,981	0.0817	91.5556	persian_news_2019_00119323
628	سلام! خوبی؟	Y	خوبی	125	   58,981	0.0817	93.8571	persian_news_2019_00203419
629	سلام! خوبی؟	Y	خوبی	125	   58,981	0.0817	97.3	persian_news_2016_00722484
630	سلام! خوبی؟	Y	خوبی	125	   58,981	0.0817	98.3333	persian_news_2017_00706847
631	سلام! خوبی؟	Y	خوبی	126	   58,965	0.0817	73.375	persian_news_2019_00434937
632	سلام! خوبی؟	Y	خوبی	126	   58,965	0.0817	81.875	persian_news_2019_00048073
633	سلام! خوبی؟	Y	خوبی	126	   58,965	0.0817	87.5	persian_news_2019_00457121
634	سلام! خوبی؟	Y	خوبی	126	   58,965	0.0817	88.3333	persian_news_2019_00945802
635	سلام! خوبی؟	Y	خوبی	126	   58,965	0.0817	88.7778	persian_news_2019_00246081
636	سلام! خوبی؟	Y	خوبی	127	   58,515	0.081	72.7143	persian_news_2019_00160658
637	سلام! خوبی؟	Y	خوبی	127	   58,515	0.081	90.125	persian_news_2019_00094712
638	سلام! خوبی؟	Y	خوبی	127	   58,515	0.081	109.9091	persian_news_2019_00744060
639	سلام! خوبی؟	Y	خوبی	127	   58,515	0.081	112.3333	persian_news_2019_00432725
640	سلام! خوبی؟	Y	خوبی	127	   58,515	0.081	115.2	persian_news_2017_00703672
641	سلام! خوبی؟	Y	خوبی	128	   56,813	0.0787	120.2857	persian_news_2019_00512087
642	سلام! خوبی؟	Y	خوبی	128	   56,813	0.0787	156.375	persian_news_2019_00485962
643	سلام! خوبی؟	Y	خوبی	128	   56,813	0.0787	164.75	persian_news_2017_00187174
644	سلام! خوبی؟	Y	خوبی	128	   56,813	0.0787	187.5714	persian_news_2017_00371004
645	سلام! خوبی؟	Y	خوبی	128	   56,813	0.0787	196.25	persian_news_2017_00570433
646	سلام! خوبی؟	Y	خوبی	129	   56,808	0.0787	70.4444	persian_news_2017_00473127
647	سلام! خوبی؟	Y	خوبی	129	   56,808	0.0787	77.4444	persian_news_2019_00152331
648	سلام! خوبی؟	Y	خوبی	129	   56,808	0.0787	77.7778	persian_news_2019_00879692
649	سلام! خوبی؟	Y	خوبی	129	   56,808	0.0787	83.1111	persian_news_2019_00458192
650	سلام! خوبی؟	Y	خوبی	129	   56,808	0.0787	83.1429	persian_news_2019_00073264
651	سلام! خوبی؟	Y	خوبی	130	   55,717	0.0772	102.2	persian_news_2017_00572093
652	سلام! خوبی؟	Y	خوبی	130	   55,717	0.0772	119.5714	persian_news_2016_00920761
653	سلام! خوبی؟	Y	خوبی	130	   55,717	0.0772	148.1429	persian_news_2017_00208097
654	سلام! خوبی؟	Y	خوبی	130	   55,717	0.0772	156.5	persian_news_2019_00853903
655	سلام! خوبی؟	Y	خوبی	130	   55,717	0.0772	168.2222	persian_news_2017_00895482
656	سلام! خوبی؟	Y	خوبی	131	   54,361	0.0753	96.125	persian_news_2019_00398656
657	سلام! خوبی؟	Y	خوبی	131	   54,361	0.0753	111.6	persian_news_2017_00645475
658	سلام! خوبی؟	Y	خوبی	131	   54,361	0.0753	113.9	persian_news_2017_00385759
659	سلام! خوبی؟	Y	خوبی	131	   54,361	0.0753	121.5	persian_news_2019_00919153
660	سلام! خوبی؟	Y	خوبی	131	   54,361	0.0753	125.125	persian_news_2017_00817950
661	سلام! خوبی؟	Y	خوبی	132	   54,235	0.0751	75.4286	persian_news_2019_00988505
662	سلام! خوبی؟	Y	خوبی	132	   54,235	0.0751	79.3	persian_news_2017_00774712
663	سلام! خوبی؟	Y	خوبی	132	   54,235	0.0751	85	persian_news_2019_00856853
664	سلام! خوبی؟	Y	خوبی	132	   54,235	0.0751	94.5	persian_news_2019_00724323
665	سلام! خوبی؟	Y	خوبی	132	   54,235	0.0751	95	persian_news_2019_00423862
666	سلام! خوبی؟	Y	خوبی	133	   54,125	0.075	85.6667	persian_news_2017_00172690
667	سلام! خوبی؟	Y	خوبی	133	   54,125	0.075	88.8889	persian_news_2019_00507076
668	سلام! خوبی؟	Y	خوبی	133	   54,125	0.075	95.6667	persian_news_2017_00910023
669	سلام! خوبی؟	Y	خوبی	133	   54,125	0.075	97.6667	persian_news_2016_00409189
670	سلام! خوبی؟	Y	خوبی	133	   54,125	0.075	100.875	persian_news_2017_00969250
671	سلام! خوبی؟	Y	خوبی	134	   53,946	0.0747	76.5	persian_news_2019_00955662
672	سلام! خوبی؟	Y	خوبی	134	   53,946	0.0747	78.75	persian_news_2019_00216076
673	سلام! خوبی؟	Y	خوبی	134	   53,946	0.0747	88	persian_news_2019_00440059
674	سلام! خوبی؟	Y	خوبی	134	   53,946	0.0747	89.1429	persian_news_2019_00058917
675	سلام! خوبی؟	Y	خوبی	134	   53,946	0.0747	92.1111	persian_news_2016_00977100
676	سلام! خوبی؟	Y	خوبی	135	   53,810	0.0745	66.1429	persian_news_2016_00731492
677	سلام! خوبی؟	Y	خوبی	135	   53,810	0.0745	82.1111	persian_news_2017_00892367
678	سلام! خوبی؟	Y	خوبی	135	   53,810	0.0745	91.375	persian_news_2019_00935606
679	سلام! خوبی؟	Y	خوبی	135	   53,810	0.0745	94.2	persian_news_2019_00712603
680	سلام! خوبی؟	Y	خوبی	135	   53,810	0.0745	107.625	persian_news_2017_00073710
681	سلام! خوبی؟	Y	خوبی	136	   53,335	0.0739	82.8889	persian_news_2019_00199017
682	سلام! خوبی؟	Y	خوبی	136	   53,335	0.0739	96.9	persian_news_2019_00082742
683	سلام! خوبی؟	Y	خوبی	136	   53,335	0.0739	109.625	persian_news_2019_00357074
684	سلام! خوبی؟	Y	خوبی	136	   53,335	0.0739	115.2	persian_news_2019_00110339
685	سلام! خوبی؟	Y	خوبی	136	   53,335	0.0739	124.8182	persian_news_2016_00496493
686	سلام! خوبی؟	Y	خوبی	137	   53,257	0.0738	92.6667	persian_news_2019_00498615
687	سلام! خوبی؟	Y	خوبی	137	   53,257	0.0738	101.75	persian_news_2019_00057706
688	سلام! خوبی؟	Y	خوبی	137	   53,257	0.0738	104.6154	persian_news_2017_00567317
689	سلام! خوبی؟	Y	خوبی	137	   53,257	0.0738	107.1111	persian_news_2016_00752795
690	سلام! خوبی؟	Y	خوبی	137	   53,257	0.0738	118.6	persian_news_2016_00150007
691	سلام! خوبی؟	Y	خوبی	138	   52,851	0.0732	58.5	persian_news_2019_00948130
692	سلام! خوبی؟	Y	خوبی	138	   52,851	0.0732	92.625	persian_news_2017_00246030
693	سلام! خوبی؟	Y	خوبی	138	   52,851	0.0732	92.75	persian_news_2019_00350767
694	سلام! خوبی؟	Y	خوبی	138	   52,851	0.0732	98.4286	persian_news_2019_00211233
695	سلام! خوبی؟	Y	خوبی	138	   52,851	0.0732	99.4286	persian_news_2019_00244974
696	سلام! خوبی؟	Y	خوبی	139	   52,649	0.0729	82.4444	persian_news_2017_00921592
697	سلام! خوبی؟	Y	خوبی	139	   52,649	0.0729	90.125	persian_news_2019_00838490
698	سلام! خوبی؟	Y	خوبی	139	   52,649	0.0729	95	persian_news_2019_00017866
699	سلام! خوبی؟	Y	خوبی	139	   52,649	0.0729	98.125	persian_news_2016_00644884
700	سلام! خوبی؟	Y	خوبی	139	   52,649	0.0729	99.0769	persian_news_2016_00008044
701	سلام! خوبی؟	Y	خوبی	140	   52,464	0.0727	61.4444	persian_news_2019_00446596
702	سلام! خوبی؟	Y	خوبی	140	   52,464	0.0727	77.7778	persian_news_2016_00280828
703	سلام! خوبی؟	Y	خوبی	140	   52,464	0.0727	93.3333	persian_news_2019_00723615
704	سلام! خوبی؟	Y	خوبی	140	   52,464	0.0727	94	persian_news_2017_00508469
705	سلام! خوبی؟	Y	خوبی	140	   52,464	0.0727	95.875	persian_news_2017_00508446
706	سلام! خوبی؟	Y	خوبی	141	   52,330	0.0725	87.5	persian_news_2016_00406201
707	سلام! خوبی؟	Y	خوبی	141	   52,330	0.0725	100	persian_news_2016_00285608
708	سلام! خوبی؟	Y	خوبی	141	   52,330	0.0725	101	persian_news_2017_00363777
709	سلام! خوبی؟	Y	خوبی	141	   52,330	0.0725	112.4444	persian_news_2019_00450747
710	سلام! خوبی؟	Y	خوبی	141	   52,330	0.0725	116.75	persian_news_2019_00043051
711	سلام! خوبی؟	Y	خوبی	142	   52,282	0.0724	108	persian_news_2019_00064533
712	سلام! خوبی؟	Y	خوبی	142	   52,282	0.0724	108.875	persian_news_2019_00466517
713	سلام! خوبی؟	Y	خوبی	142	   52,282	0.0724	111.6667	persian_news_2019_00418600
714	سلام! خوبی؟	Y	خوبی	142	   52,282	0.0724	112.5625	persian_news_2016_00604156
715	سلام! خوبی؟	Y	خوبی	142	   52,282	0.0724	112.625	persian_news_2017_00063123
716	سلام! خوبی؟	Y	خوبی	143	   52,203	0.0723	90.7	persian_news_2017_00190456
717	سلام! خوبی؟	Y	خوبی	143	   52,203	0.0723	90.9	persian_news_2016_00432223
718	سلام! خوبی؟	Y	خوبی	143	   52,203	0.0723	98.8333	persian_news_2019_00437850
719	سلام! خوبی؟	Y	خوبی	143	   52,203	0.0723	100.8	persian_news_2019_00983345
720	سلام! خوبی؟	Y	خوبی	143	   52,203	0.0723	106.3333	persian_news_2019_00079134
721	سلام! خوبی؟	Y	خوبی	144	   51,709	0.0716	73.3333	persian_news_2019_00680232
722	سلام! خوبی؟	Y	خوبی	144	   51,709	0.0716	89.875	persian_news_2019_00119381
723	سلام! خوبی؟	Y	خوبی	144	   51,709	0.0716	100.7143	persian_news_2019_00858427
724	سلام! خوبی؟	Y	خوبی	144	   51,709	0.0716	108.5	persian_news_2016_00031287
725	سلام! خوبی؟	Y	خوبی	144	   51,709	0.0716	109.4	persian_news_2016_00617743
726	سلام! خوبی؟	Y	خوبی	145	   50,548	0.07	88.2857	persian_news_2016_00740750
727	سلام! خوبی؟	Y	خوبی	145	   50,548	0.07	99.1429	persian_news_2016_00225138
728	سلام! خوبی؟	Y	خوبی	145	   50,548	0.07	115	persian_news_2017_00519174
729	سلام! خوبی؟	Y	خوبی	145	   50,548	0.07	123.1429	persian_news_2016_00714583
730	سلام! خوبی؟	Y	خوبی	145	   50,548	0.07	131.25	persian_news_2017_00070053
731	سلام! خوبی؟	Y	خوبی	146	   50,405	0.0698	80.1429	persian_news_2019_00693310
732	سلام! خوبی؟	Y	خوبی	146	   50,405	0.0698	83.1111	persian_news_2016_00527351
733	سلام! خوبی؟	Y	خوبی	146	   50,405	0.0698	88.7143	persian_news_2019_00008718
734	سلام! خوبی؟	Y	خوبی	146	   50,405	0.0698	94.375	persian_news_2019_00837832
735	سلام! خوبی؟	Y	خوبی	146	   50,405	0.0698	94.7143	persian_news_2019_00486787
736	سلام! خوبی؟	Y	خوبی	147	   50,336	0.0697	64.5	persian_news_2017_00631746
737	سلام! خوبی؟	Y	خوبی	147	   50,336	0.0697	70.8571	persian_news_2017_00022748
738	سلام! خوبی؟	Y	خوبی	147	   50,336	0.0697	76.2857	persian_news_2016_00133136
739	سلام! خوبی؟	Y	خوبی	147	   50,336	0.0697	77.1429	persian_news_2016_00073257
740	سلام! خوبی؟	Y	خوبی	147	   50,336	0.0697	78.25	persian_news_2019_00049027
741	سلام! خوبی؟	Y	خوبی	148	   49,910	0.0691	95.3333	persian_news_2019_00569618
742	سلام! خوبی؟	Y	خوبی	148	   49,910	0.0691	97.2222	persian_news_2019_00625199
743	سلام! خوبی؟	Y	خوبی	148	   49,910	0.0691	99.4	persian_news_2019_00723479
744	سلام! خوبی؟	Y	خوبی	148	   49,910	0.0691	99.4444	persian_news_2016_00165470
745	سلام! خوبی؟	Y	خوبی	148	   49,910	0.0691	99.75	persian_news_2017_00835285
746	سلام! خوبی؟	Y	خوبی	149	   49,882	0.0691	92.6667	persian_news_2017_00608234
747	سلام! خوبی؟	Y	خوبی	149	   49,882	0.0691	109.6667	persian_news_2017_00073082
748	سلام! خوبی؟	Y	خوبی	149	   49,882	0.0691	112.7143	persian_news_2019_00663516
749	سلام! خوبی؟	Y	خوبی	149	   49,882	0.0691	113.875	persian_news_2019_00558432
750	سلام! خوبی؟	Y	خوبی	149	   49,882	0.0691	114.1333	persian_news_2017_00543074
751	سلام! خوبی؟	Y	خوبی	150	   49,870	0.0691	74.875	persian_news_2019_00004411
752	سلام! خوبی؟	Y	خوبی	150	   49,870	0.0691	84.7143	persian_news_2016_00814829
753	سلام! خوبی؟	Y	خوبی	150	   49,870	0.0691	85.4286	persian_news_2017_00617453
754	سلام! خوبی؟	Y	خوبی	150	   49,870	0.0691	91.7778	persian_news_2017_00527636
755	سلام! خوبی؟	Y	خوبی	150	   49,870	0.0691	96.375	persian_news_2016_00816727
756	سلام! خوبی؟	Y	خوبی	151	   49,587	0.0687	105.75	persian_news_2019_00029141
757	سلام! خوبی؟	Y	خوبی	151	   49,587	0.0687	111.1111	persian_news_2019_00364215
758	سلام! خوبی؟	Y	خوبی	151	   49,587	0.0687	118.9	persian_news_2017_00737620
759	سلام! خوبی؟	Y	خوبی	151	   49,587	0.0687	125.5	persian_news_2016_00974733
760	سلام! خوبی؟	Y	خوبی	151	   49,587	0.0687	126.5833	persian_news_2019_00378014
761	سلام! خوبی؟	Y	خوبی	152	   49,374	0.0684	64.2222	persian_news_2019_00777490
762	سلام! خوبی؟	Y	خوبی	152	   49,374	0.0684	65.625	persian_news_2017_00410080
763	سلام! خوبی؟	Y	خوبی	152	   49,374	0.0684	79.4286	persian_news_2017_00037485
764	سلام! خوبی؟	Y	خوبی	152	   49,374	0.0684	82.3333	persian_news_2017_00731157
765	سلام! خوبی؟	Y	خوبی	152	   49,374	0.0684	86.4444	persian_news_2017_00539747
766	سلام! خوبی؟	Y	خوبی	153	   49,323	0.0683	79.875	persian_news_2017_00572187
767	سلام! خوبی؟	Y	خوبی	153	   49,323	0.0683	86.3333	persian_news_2016_00011330
768	سلام! خوبی؟	Y	خوبی	153	   49,323	0.0683	97.1429	persian_news_2017_00414004
769	سلام! خوبی؟	Y	خوبی	153	   49,323	0.0683	102.375	persian_news_2019_00076932
770	سلام! خوبی؟	Y	خوبی	153	   49,323	0.0683	103.5	persian_news_2019_00723978
771	سلام! خوبی؟	Y	خوبی	154	   48,785	0.0676	73.2222	persian_news_2016_00247387
772	سلام! خوبی؟	Y	خوبی	154	   48,785	0.0676	96.875	persian_news_2019_00793450
773	سلام! خوبی؟	Y	خوبی	154	   48,785	0.0676	111.4286	persian_news_2019_00366338
774	سلام! خوبی؟	Y	خوبی	154	   48,785	0.0676	112.7778	persian_news_2019_00013759
775	سلام! خوبی؟	Y	خوبی	154	   48,785	0.0676	120	persian_news_2017_00784596
776	سلام! خوبی؟	Y	خوبی	155	   48,518	0.0672	79.75	persian_news_2017_00514705
777	سلام! خوبی؟	Y	خوبی	155	   48,518	0.0672	96.625	persian_news_2016_00307756
778	سلام! خوبی؟	Y	خوبی	155	   48,518	0.0672	105.7	persian_news_2017_00496063
779	سلام! خوبی؟	Y	خوبی	155	   48,518	0.0672	109.625	persian_news_2017_00006005
780	سلام! خوبی؟	Y	خوبی	155	   48,518	0.0672	109.8571	persian_news_2016_00041701
781	سلام! خوبی؟	Y	خوبی	156	   48,414	0.067	102.1667	persian_news_2019_00605617
782	سلام! خوبی؟	Y	خوبی	156	   48,414	0.067	104.75	persian_news_2019_00032882
783	سلام! خوبی؟	Y	خوبی	156	   48,414	0.067	105	persian_news_2019_00165070
784	سلام! خوبی؟	Y	خوبی	156	   48,414	0.067	107	persian_news_2016_00644845
785	سلام! خوبی؟	Y	خوبی	156	   48,414	0.067	115.7778	persian_news_2016_00056480
786	سلام! خوبی؟	Y	خوبی	157	   48,218	0.0668	93.9	persian_news_2019_00151106
787	سلام! خوبی؟	Y	خوبی	157	   48,218	0.0668	95.2	persian_news_2017_00004759
788	سلام! خوبی؟	Y	خوبی	157	   48,218	0.0668	100.7	persian_news_2019_00379971
789	سلام! خوبی؟	Y	خوبی	157	   48,218	0.0668	114.1818	persian_news_2019_00379954
790	سلام! خوبی؟	Y	خوبی	157	   48,218	0.0668	128.5	persian_news_2017_00492306
791	سلام! خوبی؟	Y	خوبی	158	   47,679	0.066	69.5	persian_news_2017_00104325
792	سلام! خوبی؟	Y	خوبی	158	   47,679	0.066	76.1667	persian_news_2017_00731556
793	سلام! خوبی؟	Y	خوبی	158	   47,679	0.066	93	persian_news_2019_00165677
794	سلام! خوبی؟	Y	خوبی	158	   47,679	0.066	114.625	persian_news_2019_00116210
795	سلام! خوبی؟	Y	خوبی	158	   47,679	0.066	122.2857	persian_news_2016_00228903
796	سلام! خوبی؟	Y	خوبی	159	   47,539	0.0658	81.7143	persian_news_2019_00074062
797	سلام! خوبی؟	Y	خوبی	159	   47,539	0.0658	84.5	persian_news_2019_00921758
798	سلام! خوبی؟	Y	خوبی	159	   47,539	0.0658	87.8889	persian_news_2019_00869199
799	سلام! خوبی؟	Y	خوبی	159	   47,539	0.0658	102.9	persian_news_2019_00074304
800	سلام! خوبی؟	Y	خوبی	159	   47,539	0.0658	118	persian_news_2019_00435236
801	سلام! خوبی؟	Y	خوبی	160	   47,168	0.0653	89.1111	persian_news_2019_00505938
802	سلام! خوبی؟	Y	خوبی	160	   47,168	0.0653	89.625	persian_news_2019_00712229
803	سلام! خوبی؟	Y	خوبی	160	   47,168	0.0653	98.2222	persian_news_2019_00065166
804	سلام! خوبی؟	Y	خوبی	160	   47,168	0.0653	98.8333	persian_news_2019_00014027
805	سلام! خوبی؟	Y	خوبی	160	   47,168	0.0653	107.6667	persian_news_2016_00410396
806	سلام! خوبی؟	Y	خوبی	161	   46,627	0.0646	93.4444	persian_news_2017_00943757
807	سلام! خوبی؟	Y	خوبی	161	   46,627	0.0646	96.1111	persian_news_2016_00511258
808	سلام! خوبی؟	Y	خوبی	161	   46,627	0.0646	101.125	persian_news_2019_00487491
809	سلام! خوبی؟	Y	خوبی	161	   46,627	0.0646	103.3571	persian_news_2019_00211225
810	سلام! خوبی؟	Y	خوبی	161	   46,627	0.0646	105.8889	persian_news_2019_00059235
811	سلام! خوبی؟	Y	خوبی	162	   45,825	0.0635	81.2222	persian_news_2019_00062031
812	سلام! خوبی؟	Y	خوبی	162	   45,825	0.0635	81.625	persian_news_2019_00514157
813	سلام! خوبی؟	Y	خوبی	162	   45,825	0.0635	86.1111	persian_news_2016_00133305
814	سلام! خوبی؟	Y	خوبی	162	   45,825	0.0635	88	persian_news_2016_00967386
815	سلام! خوبی؟	Y	خوبی	162	   45,825	0.0635	89	persian_news_2019_00215867
816	سلام! خوبی؟	Y	خوبی	163	   45,724	0.0633	100.6667	persian_news_2019_00417715
817	سلام! خوبی؟	Y	خوبی	163	   45,724	0.0633	107.1429	persian_news_2019_00545457
818	سلام! خوبی؟	Y	خوبی	163	   45,724	0.0633	114.4286	persian_news_2017_00921120
819	سلام! خوبی؟	Y	خوبی	163	   45,724	0.0633	114.9474	persian_news_2016_00901426
820	سلام! خوبی؟	Y	خوبی	163	   45,724	0.0633	115.2222	persian_news_2019_00842117
821	سلام! خوبی؟	Y	خوبی	164	   45,704	0.0633	75.4286	persian_news_2016_00136662
822	سلام! خوبی؟	Y	خوبی	164	   45,704	0.0633	96.875	persian_news_2016_00731736
823	سلام! خوبی؟	Y	خوبی	164	   45,704	0.0633	98.4444	persian_news_2016_00873457
824	سلام! خوبی؟	Y	خوبی	164	   45,704	0.0633	107	persian_news_2017_00706147
825	سلام! خوبی؟	Y	خوبی	164	   45,704	0.0633	107.4286	persian_news_2019_00471932
826	سلام! خوبی؟	Y	خوبی	165	   45,643	0.0632	78.4286	persian_news_2019_00979470
827	سلام! خوبی؟	Y	خوبی	165	   45,643	0.0632	91.9375	persian_news_2016_00572167
828	سلام! خوبی؟	Y	خوبی	165	   45,643	0.0632	92.1667	persian_news_2016_00943028
829	سلام! خوبی؟	Y	خوبی	165	   45,643	0.0632	99.7778	persian_news_2019_00136624
830	سلام! خوبی؟	Y	خوبی	165	   45,643	0.0632	101	persian_news_2019_00559556
831	سلام! خوبی؟	Y	خوبی	166	   45,400	0.0629	87	persian_news_2019_00029147
832	سلام! خوبی؟	Y	خوبی	166	   45,400	0.0629	88.5	persian_news_2016_00730867
833	سلام! خوبی؟	Y	خوبی	166	   45,400	0.0629	102.5714	persian_news_2019_00193939
834	سلام! خوبی؟	Y	خوبی	166	   45,400	0.0629	105.875	persian_news_2017_00546208
835	سلام! خوبی؟	Y	خوبی	166	   45,400	0.0629	106	persian_news_2019_00366205
836	سلام! خوبی؟	Y	خوبی	167	   45,351	0.0628	75.3333	persian_news_2019_00948095
837	سلام! خوبی؟	Y	خوبی	167	   45,351	0.0628	85.5	persian_news_2019_00179172
838	سلام! خوبی؟	Y	خوبی	167	   45,351	0.0628	91.2857	persian_news_2016_00041951
839	سلام! خوبی؟	Y	خوبی	167	   45,351	0.0628	97.5	persian_news_2019_00044404
840	سلام! خوبی؟	Y	خوبی	167	   45,351	0.0628	99.4444	persian_news_2017_00119313
841	سلام! خوبی؟	Y	خوبی	168	   45,227	0.0626	100.8889	persian_news_2017_00644573
842	سلام! خوبی؟	Y	خوبی	168	   45,227	0.0626	103	persian_news_2019_00736176
843	سلام! خوبی؟	Y	خوبی	168	   45,227	0.0626	103.3333	persian_news_2017_00865275
844	سلام! خوبی؟	Y	خوبی	168	   45,227	0.0626	103.6667	persian_news_2019_00465113
845	سلام! خوبی؟	Y	خوبی	168	   45,227	0.0626	106	persian_news_2019_00801650
846	سلام! خوبی؟	Y	خوبی	169	   45,215	0.0626	98.3333	persian_news_2016_00038416
847	سلام! خوبی؟	Y	خوبی	169	   45,215	0.0626	98.625	persian_news_2019_00407204
848	سلام! خوبی؟	Y	خوبی	169	   45,215	0.0626	103.5	persian_news_2017_00969861
849	سلام! خوبی؟	Y	خوبی	169	   45,215	0.0626	106.625	persian_news_2019_00738749
850	سلام! خوبی؟	Y	خوبی	169	   45,215	0.0626	111.2	persian_news_2019_00062214
851	سلام! خوبی؟	Y	خوبی	170	   44,299	0.0614	85.7143	persian_news_2019_00221501
852	سلام! خوبی؟	Y	خوبی	170	   44,299	0.0614	92	persian_news_2019_00835173
853	سلام! خوبی؟	Y	خوبی	170	   44,299	0.0614	102.8889	persian_news_2017_00938049
854	سلام! خوبی؟	Y	خوبی	170	   44,299	0.0614	103.4286	persian_news_2017_00141426
855	سلام! خوبی؟	Y	خوبی	170	   44,299	0.0614	105.2857	persian_news_2017_00584295
856	سلام! خوبی؟	Y	خوبی	171	   44,234	0.0613	82	persian_news_2016_00203464
857	سلام! خوبی؟	Y	خوبی	171	   44,234	0.0613	118.1111	persian_news_2016_00212000
858	سلام! خوبی؟	Y	خوبی	171	   44,234	0.0613	129.75	persian_news_2017_00229939
859	سلام! خوبی؟	Y	خوبی	171	   44,234	0.0613	132.3077	persian_news_2016_00204219
860	سلام! خوبی؟	Y	خوبی	171	   44,234	0.0613	134.2222	persian_news_2016_00219195
861	سلام! خوبی؟	Y	خوبی	172	   44,204	0.0612	92.25	persian_news_2019_00051421
862	سلام! خوبی؟	Y	خوبی	172	   44,204	0.0612	92.7778	persian_news_2019_00051415
863	سلام! خوبی؟	Y	خوبی	172	   44,204	0.0612	95.8667	persian_news_2016_00904901
864	سلام! خوبی؟	Y	خوبی	172	   44,204	0.0612	97.7778	persian_news_2019_00076503
865	سلام! خوبی؟	Y	خوبی	172	   44,204	0.0612	107	persian_news_2019_00051414
866	سلام! خوبی؟	Y	خوبی	173	   44,032	0.061	69.1667	persian_news_2016_00482105
867	سلام! خوبی؟	Y	خوبی	173	   44,032	0.061	87.3	persian_news_2019_00004725
868	سلام! خوبی؟	Y	خوبی	173	   44,032	0.061	94	persian_news_2019_00811372
869	سلام! خوبی؟	Y	خوبی	173	   44,032	0.061	94.1667	persian_news_2019_00472329
870	سلام! خوبی؟	Y	خوبی	173	   44,032	0.061	95.25	persian_news_2019_00368134
871	سلام! خوبی؟	Y	خوبی	174	   43,891	0.0608	68.7143	persian_news_2019_00456229
872	سلام! خوبی؟	Y	خوبی	174	   43,891	0.0608	80.7778	persian_news_2017_00723154
873	سلام! خوبی؟	Y	خوبی	174	   43,891	0.0608	87.75	persian_news_2019_00228416
874	سلام! خوبی؟	Y	خوبی	174	   43,891	0.0608	96	persian_news_2017_00061057
875	سلام! خوبی؟	Y	خوبی	174	   43,891	0.0608	104.375	persian_news_2017_00273263
876	سلام! خوبی؟	Y	خوبی	175	   43,433	0.0602	106.1111	persian_news_2017_00732612
877	سلام! خوبی؟	Y	خوبی	175	   43,433	0.0602	118.4286	persian_news_2019_00569776
878	سلام! خوبی؟	Y	خوبی	175	   43,433	0.0602	118.5	persian_news_2019_00013767
879	سلام! خوبی؟	Y	خوبی	175	   43,433	0.0602	119.5714	persian_news_2019_00565235
880	سلام! خوبی؟	Y	خوبی	175	   43,433	0.0602	137.5455	persian_news_2017_00168258
881	سلام! خوبی؟	Y	خوبی	176	   43,385	0.0601	97.5556	persian_news_2019_00403558
882	سلام! خوبی؟	Y	خوبی	176	   43,385	0.0601	99.625	persian_news_2019_00062205
883	سلام! خوبی؟	Y	خوبی	176	   43,385	0.0601	107.625	persian_news_2016_00865915
884	سلام! خوبی؟	Y	خوبی	176	   43,385	0.0601	107.8571	persian_news_2017_00852219
885	سلام! خوبی؟	Y	خوبی	176	   43,385	0.0601	108.25	persian_news_2019_00779482
886	سلام! خوبی؟	Y	خوبی	177	   43,262	0.0599	63	persian_news_2017_00062934
887	سلام! خوبی؟	Y	خوبی	177	   43,262	0.0599	69.25	persian_news_2016_00136667
888	سلام! خوبی؟	Y	خوبی	177	   43,262	0.0599	75.75	persian_news_2019_00813164
889	سلام! خوبی؟	Y	خوبی	177	   43,262	0.0599	79.25	persian_news_2019_00044089
890	سلام! خوبی؟	Y	خوبی	177	   43,262	0.0599	90.875	persian_news_2017_00731174
891	سلام! خوبی؟	Y	خوبی	178	   43,249	0.0599	90.5714	persian_news_2019_00325462
892	سلام! خوبی؟	Y	خوبی	178	   43,249	0.0599	92	persian_news_2017_00718764
893	سلام! خوبی؟	Y	خوبی	178	   43,249	0.0599	96.6364	persian_news_2016_00567157
894	سلام! خوبی؟	Y	خوبی	178	   43,249	0.0599	107.3333	persian_news_2016_00563081
895	سلام! خوبی؟	Y	خوبی	178	   43,249	0.0599	110	persian_news_2019_00446761
896	سلام! خوبی؟	Y	خوبی	179	   43,154	0.0598	105.2857	persian_news_2019_00018622
897	سلام! خوبی؟	Y	خوبی	179	   43,154	0.0598	110.1429	persian_news_2019_00870471
898	سلام! خوبی؟	Y	خوبی	179	   43,154	0.0598	115.375	persian_news_2016_00943898
899	سلام! خوبی؟	Y	خوبی	179	   43,154	0.0598	130	persian_news_2019_00064432
900	سلام! خوبی؟	Y	خوبی	179	   43,154	0.0598	133	persian_news_2019_00605432
901	سلام! خوبی؟	Y	خوبی	180	   42,967	0.0595	106.125	persian_news_2016_00372373
902	سلام! خوبی؟	Y	خوبی	180	   42,967	0.0595	107.8889	persian_news_2019_00697944
903	سلام! خوبی؟	Y	خوبی	180	   42,967	0.0595	109.5455	persian_news_2016_00592825
904	سلام! خوبی؟	Y	خوبی	180	   42,967	0.0595	122.7778	persian_news_2019_00275533
905	سلام! خوبی؟	Y	خوبی	180	   42,967	0.0595	126.5714	persian_news_2016_00497036
906	سلام! خوبی؟	Y	خوبی	181	   42,607	0.059	95.7143	persian_news_2017_00037481
907	سلام! خوبی؟	Y	خوبی	181	   42,607	0.059	95.8571	persian_news_2019_00147020
908	سلام! خوبی؟	Y	خوبی	181	   42,607	0.059	97.8889	persian_news_2019_00617008
909	سلام! خوبی؟	Y	خوبی	181	   42,607	0.059	101.25	persian_news_2019_00234375
910	سلام! خوبی؟	Y	خوبی	181	   42,607	0.059	108.4286	persian_news_2016_00059421
911	سلام! خوبی؟	Y	خوبی	182	   42,493	0.0588	124.3333	persian_news_2017_00270233
912	سلام! خوبی؟	Y	خوبی	182	   42,493	0.0588	140.625	persian_news_2016_00701310
913	سلام! خوبی؟	Y	خوبی	182	   42,493	0.0588	142.8182	persian_news_2016_00100675
914	سلام! خوبی؟	Y	خوبی	182	   42,493	0.0588	168.5556	persian_news_2017_00217804
915	سلام! خوبی؟	Y	خوبی	182	   42,493	0.0588	171.2857	persian_news_2017_00270478
916	سلام! خوبی؟	Y	خوبی	183	   42,452	0.0588	88.5714	persian_news_2016_00008453
917	سلام! خوبی؟	Y	خوبی	183	   42,452	0.0588	96.125	persian_news_2016_00012269
918	سلام! خوبی؟	Y	خوبی	183	   42,452	0.0588	98.5	persian_news_2016_00563871
919	سلام! خوبی؟	Y	خوبی	183	   42,452	0.0588	102.6667	persian_news_2019_00605044
920	سلام! خوبی؟	Y	خوبی	183	   42,452	0.0588	103.8333	persian_news_2017_00927588
921	سلام! خوبی؟	Y	خوبی	184	   42,091	0.0583	77	persian_news_2019_00514407
922	سلام! خوبی؟	Y	خوبی	184	   42,091	0.0583	87	persian_news_2019_00505320
923	سلام! خوبی؟	Y	خوبی	184	   42,091	0.0583	89.5556	persian_news_2019_00417692
924	سلام! خوبی؟	Y	خوبی	184	   42,091	0.0583	98.4444	persian_news_2017_00371007
925	سلام! خوبی؟	Y	خوبی	184	   42,091	0.0583	103.5	persian_news_2019_00698170
926	سلام! خوبی؟	Y	خوبی	185	   41,962	0.0581	76.1429	persian_news_2019_00125190
927	سلام! خوبی؟	Y	خوبی	185	   41,962	0.0581	87.8571	persian_news_2016_00157881
928	سلام! خوبی؟	Y	خوبی	185	   41,962	0.0581	89.625	persian_news_2019_00505899
929	سلام! خوبی؟	Y	خوبی	185	   41,962	0.0581	97.625	persian_news_2019_00211088
930	سلام! خوبی؟	Y	خوبی	185	   41,962	0.0581	103	persian_news_2016_00724868
931	سلام! خوبی؟	Y	خوبی	186	   41,814	0.0579	87.7778	persian_news_2019_00859096
932	سلام! خوبی؟	Y	خوبی	186	   41,814	0.0579	114.25	persian_news_2016_00701264
933	سلام! خوبی؟	Y	خوبی	186	   41,814	0.0579	117.1429	persian_news_2019_00569413
934	سلام! خوبی؟	Y	خوبی	186	   41,814	0.0579	131.2222	persian_news_2019_00478995
935	سلام! خوبی؟	Y	خوبی	186	   41,814	0.0579	131.7143	persian_news_2017_00700718
936	سلام! خوبی؟	Y	خوبی	187	   41,545	0.0575	72.4286	persian_news_2019_00988717
937	سلام! خوبی؟	Y	خوبی	187	   41,545	0.0575	74.625	persian_news_2016_00467837
938	سلام! خوبی؟	Y	خوبی	187	   41,545	0.0575	75.5	persian_news_2019_00434578
939	سلام! خوبی؟	Y	خوبی	187	   41,545	0.0575	97.75	persian_news_2017_00411561
940	سلام! خوبی؟	Y	خوبی	187	   41,545	0.0575	100.5556	persian_news_2019_00750829
941	سلام! خوبی؟	Y	خوبی	188	   41,337	0.0572	91.3125	persian_news_2019_00513697
942	سلام! خوبی؟	Y	خوبی	188	   41,337	0.0572	91.7778	persian_news_2019_00206487
943	سلام! خوبی؟	Y	خوبی	188	   41,337	0.0572	100	persian_news_2019_00138090
944	سلام! خوبی؟	Y	خوبی	188	   41,337	0.0572	118.2222	persian_news_2016_00176750
945	سلام! خوبی؟	Y	خوبی	188	   41,337	0.0572	118.75	persian_news_2019_00405527
946	سلام! خوبی؟	Y	خوبی	189	   41,081	0.0569	78.125	persian_news_2019_00217899
947	سلام! خوبی؟	Y	خوبی	189	   41,081	0.0569	89.25	persian_news_2019_00069615
948	سلام! خوبی؟	Y	خوبی	189	   41,081	0.0569	92.875	persian_news_2019_00398710
949	سلام! خوبی؟	Y	خوبی	189	   41,081	0.0569	106.5714	persian_news_2019_00117751
950	سلام! خوبی؟	Y	خوبی	189	   41,081	0.0569	116.375	persian_news_2019_00045793
951	سلام! خوبی؟	Y	خوبی	190	   41,080	0.0569	88.1429	persian_news_2019_00014057
952	سلام! خوبی؟	Y	خوبی	190	   41,080	0.0569	98.375	persian_news_2017_00406465
953	سلام! خوبی؟	Y	خوبی	190	   41,080	0.0569	100.125	persian_news_2019_00841258
954	سلام! خوبی؟	Y	خوبی	190	   41,080	0.0569	101.0476	persian_news_2016_00349251
955	سلام! خوبی؟	Y	خوبی	190	   41,080	0.0569	106.1	persian_news_2019_00697796
956	سلام! خوبی؟	Y	خوبی	191	   40,969	0.0567	121.4	persian_news_2017_00569082
957	سلام! خوبی؟	Y	خوبی	191	   40,969	0.0567	131.7273	persian_news_2019_00545213
958	سلام! خوبی؟	Y	خوبی	191	   40,969	0.0567	135.0909	persian_news_2019_00935556
959	سلام! خوبی؟	Y	خوبی	191	   40,969	0.0567	141.2353	persian_news_2016_00732223
960	سلام! خوبی؟	Y	خوبی	191	   40,969	0.0567	149.9375	persian_news_2019_00545212
961	سلام! خوبی؟	Y	خوبی	192	   40,805	0.0565	86.125	persian_news_2016_00566850
962	سلام! خوبی؟	Y	خوبی	192	   40,805	0.0565	88.5556	persian_news_2016_00143525
963	سلام! خوبی؟	Y	خوبی	192	   40,805	0.0565	94.875	persian_news_2019_00723745
964	سلام! خوبی؟	Y	خوبی	192	   40,805	0.0565	95	persian_news_2019_00350792
965	سلام! خوبی؟	Y	خوبی	192	   40,805	0.0565	101.8571	persian_news_2017_00210826
966	سلام! خوبی؟	Y	خوبی	193	   40,604	0.0562	138.8889	persian_news_2016_00134324
967	سلام! خوبی؟	Y	خوبی	193	   40,604	0.0562	152	persian_news_2019_00967595
968	سلام! خوبی؟	Y	خوبی	193	   40,604	0.0562	154.6957	persian_news_2016_00109365
969	سلام! خوبی؟	Y	خوبی	193	   40,604	0.0562	170.5714	persian_news_2019_00358940
970	سلام! خوبی؟	Y	خوبی	193	   40,604	0.0562	177.65	persian_news_2019_00357343
971	سلام! خوبی؟	Y	خوبی	194	   40,551	0.0562	99.5556	persian_news_2019_00194735
972	سلام! خوبی؟	Y	خوبی	194	   40,551	0.0562	105.375	persian_news_2017_00188031
973	سلام! خوبی؟	Y	خوبی	194	   40,551	0.0562	107	persian_news_2019_00697948
974	سلام! خوبی؟	Y	خوبی	194	   40,551	0.0562	107.4444	persian_news_2016_00730866
975	سلام! خوبی؟	Y	خوبی	194	   40,551	0.0562	107.5556	persian_news_2019_00793448
976	سلام! خوبی؟	Y	خوبی	195	   40,332	0.0559	97.25	persian_news_2019_00379950
977	سلام! خوبی؟	Y	خوبی	195	   40,332	0.0559	111.2	persian_news_2016_00490145
978	سلام! خوبی؟	Y	خوبی	195	   40,332	0.0559	128.6364	persian_news_2017_00872698
979	سلام! خوبی؟	Y	خوبی	195	   40,332	0.0559	130.8571	persian_news_2019_00053779
980	سلام! خوبی؟	Y	خوبی	195	   40,332	0.0559	131.2857	persian_news_2019_00227677
981	سلام! خوبی؟	Y	خوبی	196	   40,255	0.0557	101.6667	persian_news_2019_00675753
982	سلام! خوبی؟	Y	خوبی	196	   40,255	0.0557	112.1429	persian_news_2019_00501801
983	سلام! خوبی؟	Y	خوبی	196	   40,255	0.0557	114.9	persian_news_2019_00510185
984	سلام! خوبی؟	Y	خوبی	196	   40,255	0.0557	120.875	persian_news_2016_00431871
985	سلام! خوبی؟	Y	خوبی	196	   40,255	0.0557	123.8889	persian_news_2019_00509930
986	سلام! خوبی؟	Y	خوبی	197	   39,776	0.0551	106	persian_news_2019_00830580
987	سلام! خوبی؟	Y	خوبی	197	   39,776	0.0551	111	persian_news_2016_00849304
988	سلام! خوبی؟	Y	خوبی	197	   39,776	0.0551	115.2857	persian_news_2019_00125061
989	سلام! خوبی؟	Y	خوبی	197	   39,776	0.0551	116.5556	persian_news_2017_00141525
990	سلام! خوبی؟	Y	خوبی	197	   39,776	0.0551	123.2222	persian_news_2017_00817723
991	سلام! خوبی؟	Y	خوبی	198	   39,613	0.0549	77.75	persian_news_2019_00735319
992	سلام! خوبی؟	Y	خوبی	198	   39,613	0.0549	97.75	persian_news_2019_00422518
993	سلام! خوبی؟	Y	خوبی	198	   39,613	0.0549	128.125	persian_news_2019_00923125
994	سلام! خوبی؟	Y	خوبی	198	   39,613	0.0549	148.1818	persian_news_2017_00423169
995	سلام! خوبی؟	Y	خوبی	198	   39,613	0.0549	171.125	persian_news_2019_00224960
996	سلام! خوبی؟	Y	خوبی	199	   39,233	0.0543	100.1111	persian_news_2017_00783566
997	سلام! خوبی؟	Y	خوبی	199	   39,233	0.0543	101.3333	persian_news_2017_00783555
998	سلام! خوبی؟	Y	خوبی	199	   39,233	0.0543	107.5714	persian_news_2017_00783553
999	سلام! خوبی؟	Y	خوبی	199	   39,233	0.0543	109	persian_news_2019_00435316
1000	سلام! خوبی؟	Y	خوبی	199	   39,233	0.0543	109.4444	persian_news_2019_00435740
